name,category,brand,model_variant,description,tags,total_quantity_pcs,piece_unit_name,piece_selling_price,piece_barcode,mid_unit_name,pcs_per_mid_unit,mid_selling_price,mid_barcode,carton_unit_name,pcs_per_carton,carton_selling_price,carton_cost_price,carton_barcode,low_stock_alert,tax,available_for_sale,status,return_policy,expiry_date,main_image_url
Crown Premium Spaghetti 500g,Pasta,Crown,500g,Crown Premium Spaghetti 500g - 500g,"Crown, Pasta, 500g",40,Piece,,,,,,,,,,,,5,0,yes,active,no_return,2027-03-15,https://www.bemsfarms.com/products/crown-premium-spaghetti-500g.jpg
Crown Thick Spaghetti 500g,Pasta,Crown,500g,Crown Thick Spaghetti 500g - 500g,"Crown, Pasta, 500g",20,Piece,,,,,,,,,,,,5,0,yes,active,no_return,2027-07-15,https://www.bemsfarms.com/products/crown-thick-spaghetti-500g.jpg
Golden Penny Spaghetti 500g,Pasta,Golden Penny,500g,Golden Penny Spaghetti 500g - 500g,"Golden Penny, Pasta, 500g",100,Piece,,,,,,,,,,,,5,0,yes,active,no_return,2027-08-05,https://www.bemsfarms.com/products/golden-penny-pasta-spaghetti-500g.jpg
Golden Penny Pasta Twist 500g,Pasta,Golden Penny,500g,Golden Penny Pasta Twist 500g - 500g,"Golden Penny, Pasta, 500g",60,Piece,,,,,,,,,,,,5,0,yes,active,no_return,2027-08-01,https://www.bemsfarms.com/products/golden-penny-pasta-twist-500g.jpg
Pasta Premium Spaghetti 500g,Pasta,IRS,500g,Pasta Premium Spaghetti 500g - 500g,"IRS, Pasta, 500g",40,Piece,,,,,,,,,,,,5,0,yes,active,no_return,2027-08-16,https://www.bemsfarms.com/products/irs-pasta-premium-spaghetti.jpg
Noodles Chicken 70g,Noodles,Indomie,70g,Noodles Chicken 70g - 70g,"Indomie, Noodles, 70g",420,Piece,,,,,,,,,,,,5,0,yes,active,no_return,2027-07-30,https://www.bemsfarms.com/products/indomie-instant-noodles-chicken-flavour.jpg
Hungry Man 180g,Noodles,Indomie,180g,Hungry Man 180g - 180g,"Indomie, Noodles, 180g",120,Piece,,,,,,,,,,,,5,0,yes,active,no_return,2027-06-15,https://www.bemsfarms.com/products/indomie-instant-chicken-flavor-hungryman-size.jpg
Belleful 280g,Noodles,Indomie,280g,Belleful 280g - 280g,"Indomie, Noodles, 280g",48,Piece,,,,,,,,,,,,5,0,yes,active,no_return,2027-07-30,https://www.bemsfarms.com/products/indomie-instant-noodles-chicken-flavour.jpg
Super Pack 120g,Noodles,Indomie,120g,Super Pack 120g - 120g,"Indomie, Noodles, 120g",440,Piece,,,,,,,,,,,,5,0,yes,active,no_return,2027-07-30,https://www.bemsfarms.com/products/indomie-instant-noodles-chicken-flavor-super-pack.jpg
Mimee Instant Noodles 70g,Noodles,Mimee,70g,Mimee Instant Noodles 70g - 70g,"Mimee, Noodles, 70g",126,Piece,,,,,,,,,,,,5,0,yes,active,no_return,2027-07-23,https://www.bemsfarms.com/products/indomie-instant-noodles-chicken-flavour.jpg
Mr Chef Salt 250g,Salt & Seasoning,Mr Chef,250g,Mr Chef Salt 250g - 250g,"Mr Chef, Salt & Seasoning, 250g",80,Piece,,,,,,,,,,,,5,0,yes,active,no_return,2028-07-30,https://www.bemsfarms.com/products/mr-chef-salt-250g.jpg
Mr Chef Salt 500g,Salt & Seasoning,Mr Chef,500g,Mr Chef Salt 500g - 500g,"Mr Chef, Salt & Seasoning, 500g",40,Piece,,,,,,,,,,,,5,0,yes,active,no_return,2028-07-30,https://www.bemsfarms.com/products/mr-chef-salt-250g.jpg
Mr Chef Salt 1kg,Salt & Seasoning,Mr Chef,1kg,Mr Chef Salt 1kg - 1kg,"Mr Chef, Salt & Seasoning, 1kg",20,Piece,,,,,,,,,,,,5,0,yes,active,no_return,2028-07-30,https://www.bemsfarms.com/products/mr-chef-salt-250g.jpg
Maggi Star 400g,Salt & Seasoning,Maggi,400g,Maggi Star 400g - 400g,"Maggi, Salt & Seasoning, 400g",40,Piece,,,,,,,,,,,,5,0,yes,active,no_return,2027-05-26,https://images.unsplash.com/photo-1596040033229-a9821ebd058d?w=600&auto=format&fit=crop&q=80
Knorr Chicken 400g,Salt & Seasoning,Knorr,400g,Knorr Chicken 400g - 400g,"Knorr, Salt & Seasoning, 400g",14,Piece,,,,,,,,,,,,5,0,yes,active,no_return,2028-02-01,https://images.unsplash.com/photo-1596040033229-a9821ebd058d?w=600&auto=format&fit=crop&q=80
Knorr Beef 400g,Salt & Seasoning,Knorr,400g,Knorr Beef 400g - 400g,"Knorr, Salt & Seasoning, 400g",28,Piece,,,,,,,,,,,,5,0,yes,active,no_return,2028-02-09,https://images.unsplash.com/photo-1596040033229-a9821ebd058d?w=600&auto=format&fit=crop&q=80
Terra Chicken 400g,Salt & Seasoning,Terra,400g,Terra Chicken 400g - 400g,"Terra, Salt & Seasoning, 400g",20,Piece,,,,,,,,,,,,5,0,yes,active,no_return,2027-12-21,https://images.unsplash.com/photo-1596040033229-a9821ebd058d?w=600&auto=format&fit=crop&q=80
Royco Beef 400g,Salt & Seasoning,Royco,400g,Royco Beef 400g - 400g,"Royco, Salt & Seasoning, 400g",20,Piece,,,,,,,,,,,,5,0,yes,active,no_return,2027-01-25,https://www.bemsfarms.com/products/royco-seasoning-cubes-beef-flavor.jpg
Terra Gold 300g,Salt & Seasoning,Terra,300g,Terra Gold 300g - 300g,"Terra, Salt & Seasoning, 300g",20,Piece,,,,,,,,,,,,5,0,yes,active,no_return,2027-12-16,https://images.unsplash.com/photo-1596040033229-a9821ebd058d?w=600&auto=format&fit=crop&q=80
Bama Real Mayonnaise 810ml,Groceries,Bama,810ml,Bama Real Mayonnaise 810ml - 810ml,"Bama, Groceries, 810ml",12,Piece,,,,,,,,,,,,5,0,yes,active,no_return,2027-10-06,https://www.bemsfarms.com/products/bama-real-mayonnaise-810ml.jpg
Bama Real Mayonnaise 385ml,Groceries,Bama,385ml,Bama Real Mayonnaise 385ml - 385ml,"Bama, Groceries, 385ml",12,Piece,,,,,,,,,,,,5,0,yes,active,no_return,2027-07-27,https://www.bemsfarms.com/products/bama-real-mayonnaise-226ml.jpg
Bama Real Mayonnaise 226ml,Groceries,Bama,226ml,Bama Real Mayonnaise 226ml - 226ml,"Bama, Groceries, 226ml",12,Piece,,,,,,,,,,,,5,0,yes,active,no_return,2027-05-07,https://www.bemsfarms.com/products/bama-real-mayonnaise-226ml.jpg
Whippy 910g,Groceries,Whippy,910g,Whippy 910g - 910g,"Whippy, Groceries, 910g",12,Piece,,,,,,,,,,,,5,0,yes,active,no_return,2027-06-13,https://www.bemsfarms.com/products/whippy-real-mayonnaise.jpg
Whippy 480g,Groceries,Whippy,480g,Whippy 480g - 480g,"Whippy, Groceries, 480g",12,Piece,,,,,,,,,,,,5,0,yes,active,no_return,2027-12-30,https://www.bemsfarms.com/products/whippy-real-mayonnaise.jpg
Whippy Small 245g,Groceries,Whippy,245g,Whippy Small 245g - 245g,"Whippy, Groceries, 245g",12,Piece,,,,,,,,,,,,5,0,yes,active,no_return,2027-12-16,https://www.bemsfarms.com/products/whippy-real-mayonnaise-20g.jpg
One Nation Tomato Paste 400g,Tomato & Pepper Paste,One Nation,400g,One Nation Tomato Paste 400g - 400g,"One Nation, Tomato & Pepper Paste, 400g",12,Tin,,,,,,,,,,,,5,0,yes,active,no_return,2027-12-30,https://www.bemsfarms.com/products/one-nation-tomato-paste.jpg
Gino Pepper & Onion,Tomato & Pepper Paste,Gino,55g,Gino Pepper & Onion - 55g,"Gino, Tomato & Pepper Paste, 55g",100,Sachet,,,,,,,,,,,,5,0,yes,active,no_return,2027-08-30,https://www.bemsfarms.com/products/sonia-peppe-and-onion.jpg
Sonia Pepper & Onion,Tomato & Pepper Paste,Sonia,55g,Sonia Pepper & Onion - 55g,"Sonia, Tomato & Pepper Paste, 55g",100,Sachet,,,,,,,,,,,,5,0,yes,active,no_return,2028-01-01,https://www.bemsfarms.com/products/sonia-peppe-and-onion.jpg
Sonia Tomato Mix,Tomato & Pepper Paste,Sonia,55g,Sonia Tomato Mix - 55g,"Sonia, Tomato & Pepper Paste, 55g",100,Sachet,,,,,,,,,,,,5,0,yes,active,no_return,2027-08-30,https://www.bemsfarms.com/products/sonia-tomato-mix.jpg
Gino Tomato Mix,Tomato & Pepper Paste,Gino,55g,Gino Tomato Mix - 55g,"Gino, Tomato & Pepper Paste, 55g",100,Sachet,,,,,,,,,,,,5,0,yes,active,no_return,2027-08-30,https://www.bemsfarms.com/products/one-nation-tomato-paste.jpg
Gino Party Jollof,Tomato & Pepper Paste,Gino,55g,Gino Party Jollof - 55g,"Gino, Tomato & Pepper Paste, 55g",100,Sachet,,,,,,,,,,,,5,0,yes,active,no_return,2028-01-30,https://www.bemsfarms.com/products/one-nation-tomato-paste.jpg
Bay Leaves 125g,Seasonings & Spices,Euroma,125g,Bay Leaves 125g - 125g,"Euroma, Seasonings & Spices, 125g",4,Piece,,,,,,,,,,,,5,0,yes,active,no_return,2028-02-22,https://www.bemsfarms.com/products/euroma-bay-leaves.jpg
Bay Leaves 5g,Seasonings & Spices,Euroma,5g,Bay Leaves 5g - 5g,"Euroma, Seasonings & Spices, 5g",4,Piece,,,,,,,,,,,,5,0,yes,active,no_return,2028-09-24,https://www.bemsfarms.com/products/euroma-bay-leaves.jpg
Dry Thyme Leaves 250g,Seasonings & Spices,Marvico,250g,Dry Thyme Leaves 250g - 250g,"Marvico, Seasonings & Spices, 250g",2,Piece,,,,,,,,,,,,5,0,yes,active,no_return,2027-02-27,https://www.bemsfarms.com/products/marvico-foods-thyme-leaves-250g.jpg
Wonda Fried Spices 100g,Seasonings & Spices,Ama Wonda,100g,Wonda Fried Spices 100g - 100g,"Ama Wonda, Seasonings & Spices, 100g",10,Piece,,,,,,,,,,,,5,0,yes,active,no_return,2027-12-30,https://www.bemsfarms.com/products/ama-wonda-jollof-rice-spice-100g.jpg
Wonda Ginger 100g,Seasonings & Spices,Ama Wonda,100g,Wonda Ginger 100g - 100g,"Ama Wonda, Seasonings & Spices, 100g",10,Piece,,,,,,,,,,,,5,0,yes,active,no_return,2027-12-09,https://www.bemsfarms.com/products/ama-wonda-ginger-and-garlic-100g.jpg
Wonda Jollof 100g,Seasonings & Spices,Ama Wonda,100g,Wonda Jollof 100g - 100g,"Ama Wonda, Seasonings & Spices, 100g",10,Piece,,,,,,,,,,,,5,0,yes,active,no_return,2028-04-29,https://www.bemsfarms.com/products/ama-wonda-jollof-rice-spice-100g.jpg
Aace Jollof 100g,Seasonings & Spices,Ace,100g,Aace Jollof 100g - 100g,"Ace, Seasonings & Spices, 100g",10,Piece,,,,,,,,,,,,5,0,yes,active,no_return,2027-12-30,https://www.bemsfarms.com/products/aace-jollof-rice-seasoning-powder.jpg
Gino Curry Powder,Seasonings & Spices,Gino,Sachet,Gino Curry Powder - Sachet,"Gino, Seasonings & Spices, Sachet",100,Sachet,,,,,,,,,,,,5,0,yes,active,no_return,2027-05-18,https://www.bemsfarms.com/products/curry-masala.jpg
Gino Red Hot Pepper Powder,Seasonings & Spices,Gino,Sachet,Gino Red Hot Pepper Powder - Sachet,"Gino, Seasonings & Spices, Sachet",100,Sachet,,,,,,,,,,,,5,0,yes,active,no_return,2027-08-30,https://www.bemsfarms.com/products/gino-red-hot-pepper-powder.jpg
Thyme,Seasonings & Spices,Tiger,Sachet,Thyme - Sachet,"Tiger, Seasonings & Spices, Sachet",100,Sachet,,,,,,,,,,,,5,0,yes,active,no_return,2028-06-29,https://www.bemsfarms.com/products/tiger-thyme-leaves.jpg
Gino Thyme,Seasonings & Spices,Gino,Sachet,Gino Thyme - Sachet,"Gino, Seasonings & Spices, Sachet",100,Sachet,,,,,,,,,,,,5,0,yes,active,no_return,2028-06-29,https://www.bemsfarms.com/products/gino-natural-thyme.jpg
Napa Seasoning 10g,Seasonings & Spices,Napa,10g,Napa Seasoning 10g - 10g,"Napa, Seasonings & Spices, 10g",360,Sachet,,,,,,,,,,,,5,0,yes,active,no_return,2028-04-08,https://www.bemsfarms.com/products/napa-valley-goat-meat-flavour-10g.jpg
Milo 20g,Beverages,Nestle,20g,Milo 20g - 20g,"Nestle, Beverages, 20g",200,Sachet,,,,,,,,,,,,5,0,yes,active,no_return,2027-03-29,https://www.bemsfarms.com/products/nestle-milo-20g.jpg
Honey Beans 1 painter,Beans & Grains,Bems Farms,1 painter,Honey Beans 1 painter - 1 painter,"Bems Farms, Beans & Grains, 1 painter",7,Painter,,,,,,,,,,,,5,0,yes,active,no_return,2028-07-30,https://images.unsplash.com/photo-1551462147-ff29053bfc14?w=600&auto=format&fit=crop&q=80
Bems Palm Oil 25L,Cooking Oil,Bems Farms,25L,Bems Palm Oil 25L - 25L,"Bems Farms, Cooking Oil, 25L",4,Can,,,,,,,,,,,,5,0,yes,active,no_return,2028-07-30,https://www.bemsfarms.com/products/bems-farm-premium-palm-oil.jpg
Bems Palm Oil 10L,Cooking Oil,Bems Farms,10L,Bems Palm Oil 10L - 10L,"Bems Farms, Cooking Oil, 10L",6,Gallon,,,,,,,,,,,,5,0,yes,active,no_return,2028-07-30,https://www.bemsfarms.com/products/bems-farm-palm-oil-10-litres.jpg
Bems Palm Oil 5L,Cooking Oil,Bems Farms,5L,Bems Palm Oil 5L - 5L,"Bems Farms, Cooking Oil, 5L",5,Gallon,,,,,,,,,,,,5,0,yes,active,no_return,2028-07-30,https://www.bemsfarms.com/products/bems-farm-palm-oil-5-litres.jpg
Bems Palm Oil 4L,Cooking Oil,Bems Farms,4L,Bems Palm Oil 4L - 4L,"Bems Farms, Cooking Oil, 4L",7,Gallon,,,,,,,,,,,,5,0,yes,active,no_return,2028-07-30,https://www.bemsfarms.com/products/bems-farm-premium-palm-oil.jpg
Bems Palm Oil 3L,Cooking Oil,Bems Farms,3L,Bems Palm Oil 3L - 3L,"Bems Farms, Cooking Oil, 3L",8,Gallon,,,,,,,,,,,,5,0,yes,active,no_return,2028-07-30,https://www.bemsfarms.com/products/bems-farm-palm-oil-3-litres.jpg
Bems Palm Oil 2L,Cooking Oil,Bems Farms,2L,Bems Palm Oil 2L - 2L,"Bems Farms, Cooking Oil, 2L",7,Bottle,,,,,,,,,,,,5,0,yes,active,no_return,2028-07-30,https://www.bemsfarms.com/products/bems-farm-palm-oil-2-liters.jpg
Bems Palm Oil 1L,Cooking Oil,Bems Farms,1L,Bems Palm Oil 1L - 1L,"Bems Farms, Cooking Oil, 1L",9,Bottle,,,,,,,,,,,,5,0,yes,active,no_return,2028-07-30,https://www.bemsfarms.com/products/bems-farm-palm-oil-1-liter.jpg
Super Delicieux Oil 25L,Cooking Oil,Super Delicieux,25L,Super Delicieux Oil 25L - 25L,"Super Delicieux, Cooking Oil, 25L",4,Can,,,,,,,,,,,,5,0,yes,active,no_return,2028-05-30,https://images.unsplash.com/photo-1474979266404-7eaacbcd87c5?w=600&auto=format&fit=crop&q=80
Golden Terra Oil 5L,Cooking Oil,Golden Terra,5L,Golden Terra Oil 5L - 5L,"Golden Terra, Cooking Oil, 5L",8,Gallon,,,,,,,,,,,,5,0,yes,active,no_return,2027-07-25,https://www.bemsfarms.com/products/golden-terra-soya-oil-5litres.jpg
Kings Oil 5L,Cooking Oil,Kings,5L,Kings Oil 5L - 5L,"Kings, Cooking Oil, 5L",4,Gallon,,,,,,,,,,,,5,0,yes,active,no_return,2027-05-13,https://www.bemsfarms.com/products/devon-kings-pure-vegetable-oil.jpg
Emperor Oil 5L,Cooking Oil,Emperor,5L,Emperor Oil 5L - 5L,"Emperor, Cooking Oil, 5L",4,Gallon,,,,,,,,,,,,5,0,yes,active,no_return,2026-11-12,https://www.bemsfarms.com/products/emperor-pure-vegetable-oil.jpg
Emperor Oil 3L,Cooking Oil,Emperor,3L,Emperor Oil 3L - 3L,"Emperor, Cooking Oil, 3L",6,Gallon,,,,,,,,,,,,5,0,yes,active,no_return,2026-11-17,https://www.bemsfarms.com/products/emperor-pure-vegetable-oil.jpg
Kings Oil 2L,Cooking Oil,Kings,2L,Kings Oil 2L - 2L,"Kings, Cooking Oil, 2L",12,Bottle,,,,,,,,,,,,5,0,yes,active,no_return,2026-12-20,https://www.bemsfarms.com/products/devon-kings-pure-vegetable-oil-2.jpg
Kings Oil 1L,Cooking Oil,Kings,1L,Kings Oil 1L - 1L,"Kings, Cooking Oil, 1L",24,Bottle,,,,,,,,,,,,5,0,yes,active,no_return,2027-03-28,https://www.bemsfarms.com/products/devon-kings-pure-vegetable-oil.jpg
Golden Terra Oil 1L,Cooking Oil,Golden Terra,1L,Golden Terra Oil 1L - 1L,"Golden Terra, Cooking Oil, 1L",24,Bottle,,,,,,,,,,,,5,0,yes,active,no_return,2027-07-04,https://www.bemsfarms.com/products/golden-terra-soya-oil-5litres.jpg
Kings Oil 500ml,Cooking Oil,Kings,500ml,Kings Oil 500ml - 500ml,"Kings, Cooking Oil, 500ml",24,Bottle,,,,,,,,,,,,5,0,yes,active,no_return,2027-01-20,https://www.bemsfarms.com/products/devon-kings-pure-vegetable-oil-alt.jpg
Emperor Oil 500ml,Cooking Oil,Emperor,500ml,Emperor Oil 500ml - 500ml,"Emperor, Cooking Oil, 500ml",24,Bottle,,,,,,,,,,,,5,0,yes,active,no_return,2027-01-20,https://www.bemsfarms.com/products/emperor-pure-vegetable-oil.jpg
Power Oil 110ml,Cooking Oil,Power Oil,110ml,Power Oil 110ml - 110ml,"Power Oil, Cooking Oil, 110ml",112,Sachet,,,,,,,,,,,,5,0,yes,active,no_return,2027-12-30,https://www.bemsfarms.com/products/power-oil-110ml.jpg
Power Oil 45ml,Cooking Oil,Power Oil,45ml,Power Oil 45ml - 45ml,"Power Oil, Cooking Oil, 45ml",224,Sachet,,,,,,,,,,,,5,0,yes,active,no_return,2027-12-30,https://www.bemsfarms.com/products/power-oil-40ml.jpg
Activa Pure Vegetable Oil 40ml,Cooking Oil,Activa,40ml,Activa Pure Vegetable Oil 40ml - 40ml,"Activa, Cooking Oil, 40ml",100,Sachet,,,,,,,,,,,,5,0,yes,active,no_return,2027-12-30,https://www.bemsfarms.com/products/activa-pure-vegetable-oil-40ml.jpg
Checkers Custard Powder 45g,Custard & Breakfast,Checkers,45g,Checkers Custard Powder 45g - 45g,"Checkers, Custard & Breakfast, 45g",104,Sachet,,,,,,,,,,,,5,0,yes,active,no_return,2029-03-30,https://www.bemsfarms.com/products/checkers-custard-vanilla-flavour.jpg
Checkers Milk Custard 45g,Custard & Breakfast,Checkers,45g,Checkers Milk Custard 45g - 45g,"Checkers, Custard & Breakfast, 45g",80,Sachet,,,,,,,,,,,,5,0,yes,active,no_return,2029-07-30,https://www.bemsfarms.com/products/checkers-custard-milk-custard-45g.jpg
Cebon Tomato Paste 2200g,Tomato & Pepper Paste,Cebon,2200g,Cebon Tomato Paste 2200g - 2200g,"Cebon, Tomato & Pepper Paste, 2200g",1,Tin,,,,,,,,,,,,5,0,yes,active,no_return,2029-04-29,https://www.bemsfarms.com/products/one-nation-tomato-paste.jpg
One Nation Tomato Paste 2200g,Tomato & Pepper Paste,One Nation,2200g,One Nation Tomato Paste 2200g - 2200g,"One Nation, Tomato & Pepper Paste, 2200g",1,Tin,,,,,,,,,,,,5,0,yes,active,no_return,2027-12-29,https://www.bemsfarms.com/products/one-nation-tomato-paste.jpg
Super Gold Tomato Paste 2200g,Tomato & Pepper Paste,Super Gold,2200g,Super Gold Tomato Paste 2200g - 2200g,"Super Gold, Tomato & Pepper Paste, 2200g",1,Tin,,,,,,,,,,,,5,0,yes,active,no_return,2028-02-02,https://www.bemsfarms.com/products/super-gold-tomato-paste.jpg
Clappa Tomato Paste 2200g,Tomato & Pepper Paste,Clappa,2200g,Clappa Tomato Paste 2200g - 2200g,"Clappa, Tomato & Pepper Paste, 2200g",1,Tin,,,,,,,,,,,,5,0,yes,active,no_return,2028-01-04,https://www.bemsfarms.com/products/one-nation-tomato-paste.jpg
De Rima Tomato Paste 2200g,Tomato & Pepper Paste,De Rima,2200g,De Rima Tomato Paste 2200g - 2200g,"De Rima, Tomato & Pepper Paste, 2200g",1,Tin,,,,,,,,,,,,5,0,yes,active,no_return,2027-02-06,https://www.bemsfarms.com/products/de-rima-tomato-paste.jpg
Soupy Tomato Paste 2200g,Tomato & Pepper Paste,Soupy,2200g,Soupy Tomato Paste 2200g - 2200g,"Soupy, Tomato & Pepper Paste, 2200g",1,Tin,,,,,,,,,,,,5,0,yes,active,no_return,2029-03-28,https://www.bemsfarms.com/products/soupy-tomato-paste.jpg
Soupy Tomato Paste 400g,Tomato & Pepper Paste,Soupy,400g,Soupy Tomato Paste 400g - 400g,"Soupy, Tomato & Pepper Paste, 400g",12,Tin,,,,,,,,,,,,5,0,yes,active,no_return,2029-01-27,https://www.bemsfarms.com/products/soupy-tomato-paste.jpg
De Rima Tomato Paste 400g,Tomato & Pepper Paste,De Rima,400g,De Rima Tomato Paste 400g - 400g,"De Rima, Tomato & Pepper Paste, 400g",12,Tin,,,,,,,,,,,,5,0,yes,active,no_return,2027-02-05,https://www.bemsfarms.com/products/de-rima-tomato-paste.jpg
Super Gold Tomato Paste 210g,Tomato & Pepper Paste,Super Gold,210g,Super Gold Tomato Paste 210g - 210g,"Super Gold, Tomato & Pepper Paste, 210g",24,Tin,,,,,,,,,,,,5,0,yes,active,no_return,2028-01-04,https://www.bemsfarms.com/products/super-gold-tomato-paste.jpg
De Rima Tomato Paste 210g,Tomato & Pepper Paste,De Rima,210g,De Rima Tomato Paste 210g - 210g,"De Rima, Tomato & Pepper Paste, 210g",24,Tin,,,,,,,,,,,,5,0,yes,active,no_return,2027-02-03,https://www.bemsfarms.com/products/de-rima-tomato-paste.jpg
Sonia Tomato 1kg,Tomato & Pepper Paste,Sonia,1kg,Sonia Tomato 1kg - 1kg,"Sonia, Tomato & Pepper Paste, 1kg",6,Tin,,,,,,,,,,,,5,0,yes,active,no_return,2027-11-28,https://www.bemsfarms.com/products/sonia-tomato-mix.jpg
Sonia Tomato Small,Tomato & Pepper Paste,Sonia,Small,Sonia Tomato Small - Small,"Sonia, Tomato & Pepper Paste, Small",12,Tin,,,,,,,,,,,,5,0,yes,active,no_return,2028-01-08,https://www.bemsfarms.com/products/sonia-tomato-mix.jpg
Sonia Tomato Medium,Tomato & Pepper Paste,Sonia,Medium,Sonia Tomato Medium - Medium,"Sonia, Tomato & Pepper Paste, Medium",12,Tin,,,,,,,,,,,,5,0,yes,active,no_return,2027-10-18,https://www.bemsfarms.com/products/sonia-tomato-mix.jpg
Sonia Pepper & Onion Small,Tomato & Pepper Paste,Sonia,Small,Sonia Pepper & Onion Small - Small,"Sonia, Tomato & Pepper Paste, Small",12,Tin,,,,,,,,,,,,5,0,yes,active,no_return,2028-11-01,https://www.bemsfarms.com/products/sonia-peppe-and-onion.jpg
So Klin 170g,Cleaning & Laundry,So Klin,170g,So Klin 170g - 170g,"So Klin, Cleaning & Laundry, 170g",13,Sachet,,,,,,,,,,,,5,0,yes,active,no_return,2028-08-30,https://images.unsplash.com/photo-1583947215259-38e31be8751f?w=600&auto=format&fit=crop&q=80
Good Mama 170g,Cleaning & Laundry,Good Mama,170g,Good Mama 170g - 170g,"Good Mama, Cleaning & Laundry, 170g",13,Sachet,,,,,,,,,,,,5,0,yes,active,no_return,2028-06-29,https://images.unsplash.com/photo-1583947215259-38e31be8751f?w=600&auto=format&fit=crop&q=80
Viva Plus 170g,Cleaning & Laundry,Viva Plus,170g,Viva Plus 170g - 170g,"Viva Plus, Cleaning & Laundry, 170g",12,Sachet,,,,,,,,,,,,5,0,yes,active,no_return,2028-04-29,https://images.unsplash.com/photo-1583947215259-38e31be8751f?w=600&auto=format&fit=crop&q=80
Good Mama 85g,Cleaning & Laundry,Good Mama,85g,Good Mama 85g - 85g,"Good Mama, Cleaning & Laundry, 85g",13,Sachet,,,,,,,,,,,,5,0,yes,active,no_return,2028-04-29,https://images.unsplash.com/photo-1583947215259-38e31be8751f?w=600&auto=format&fit=crop&q=80
Viva Plus 80g,Cleaning & Laundry,Viva Plus,80g,Viva Plus 80g - 80g,"Viva Plus, Cleaning & Laundry, 80g",6,Sachet,,,,,,,,,,,,5,0,yes,active,no_return,2026-04-29,https://images.unsplash.com/photo-1583947215259-38e31be8751f?w=600&auto=format&fit=crop&q=80
Hypo Bleach 75ml,Cleaning & Laundry,Hypo,75ml,Hypo Bleach 75ml - 75ml,"Hypo, Cleaning & Laundry, 75ml",101,Sachet,,,,,,,,,,,,5,0,yes,active,no_return,2028-06-29,https://images.unsplash.com/photo-1584813470613-5b1c1cad3d69?w=600&auto=format&fit=crop&q=80
Hypo Bleach 1 Liter,Cleaning & Laundry,Hypo,1L,Hypo Bleach 1 Liter - 1L,"Hypo, Cleaning & Laundry, 1L",12,Bottle,,,,,,,,,,,,5,0,yes,active,no_return,2028-03-15,https://images.unsplash.com/photo-1584813470613-5b1c1cad3d69?w=600&auto=format&fit=crop&q=80
Hypo Bleach 500ml,Cleaning & Laundry,Hypo,500ml,Hypo Bleach 500ml - 500ml,"Hypo, Cleaning & Laundry, 500ml",12,Bottle,,,,,,,,,,,,5,0,yes,active,no_return,2028-08-21,https://images.unsplash.com/photo-1584813470613-5b1c1cad3d69?w=600&auto=format&fit=crop&q=80