name,category,quantity,unit_price,cost_price,pcs_per_carton,carton_price,carton_unit_name,piece_unit_name,carton_barcode,unit,brand,model_variant,description,low_stock_alert,available_for_sale,tax,tags,main_image_url,expiry_date,status,return_policy
Crown Premium Spaghetti 500g,Pasta,40,750,17500,20,18500,Carton,Piece,,piece,Crown,500g,Crown Premium Spaghetti 500g - 500g,5,yes,0,"Crown, Pasta, 500g",https://www.bemsfarms.com/products/crown-premium-spaghetti-500g.jpg,2027-03-16,active,no_return
Crown Thick Spaghetti 500g,Pasta,20,700,12000,20,13000,Carton,Piece,,piece,Crown,500g,Crown Thick Spaghetti 500g - 500g,5,yes,0,"Crown, Pasta, 500g",https://www.bemsfarms.com/products/crown-thick-spaghetti-500g.jpg,2027-07-16,active,no_return
Golden Penny Spaghetti 500g,Pasta,100,1000,18300,20,19500,Carton,Piece,,piece,Golden Penny,500g,Golden Penny Spaghetti 500g - 500g,5,yes,0,"Golden Penny, Pasta, 500g",https://www.bemsfarms.com/products/golden-penny-pasta-spaghetti-500g.jpg,2027-08-06,active,no_return
Golden Penny Pasta Twist 500g,Pasta,60,1000,18300,20,19500,Carton,Piece,,piece,Golden Penny,500g,Golden Penny Pasta Twist 500g - 500g,5,yes,0,"Golden Penny, Pasta, 500g",https://www.bemsfarms.com/products/golden-penny-pasta-twist-500g.jpg,2027-08-02,active,no_return
Pasta Premium Spaghetti 500g,Pasta,40,700,12500,20,14000,Carton,Piece,,piece,IRS,500g,Pasta Premium Spaghetti 500g - 500g,5,yes,0,"IRS, Pasta, 500g",https://www.bemsfarms.com/products/irs-pasta-premium-spaghetti.jpg,2027-08-17,active,no_return
Noodles Chicken 70g,Noodles,420,250,9400,42,10500,Carton,Piece,,piece,Indomie,70g,Noodles Chicken 70g - 70g,5,yes,0,"Indomie, Noodles, 70g",https://www.bemsfarms.com/products/indomie-instant-noodles-chicken-flavour.jpg,2027-07-31,active,no_return
Hungry Man 180g,Noodles,120,650,13200,24,14000,Carton,Piece,,piece,Indomie,180g,Hungry Man 180g - 180g,5,yes,0,"Indomie, Noodles, 180g",https://www.bemsfarms.com/products/indomie-instant-chicken-flavor-hungryman-size.jpg,2027-06-16,active,no_return
Belleful 280g,Noodles,48,900,13450,16,14100,Carton,Piece,,piece,Indomie,280g,Belleful 280g - 280g,5,yes,0,"Indomie, Noodles, 280g",https://www.bemsfarms.com/products/indomie-instant-noodles-chicken-flavour.jpg,2027-07-31,active,no_return
Super Pack 120g,Noodles,440,400,14500,44,15000,Carton,Piece,,piece,Indomie,120g,Super Pack 120g - 120g,5,yes,0,"Indomie, Noodles, 120g",https://www.bemsfarms.com/products/indomie-instant-noodles-chicken-flavor-super-pack.jpg,2027-07-31,active,no_return
Mimee Instant Noodles 70g,Noodles,126,250,8500,42,9000,Carton,Piece,,piece,Mimee,70g,Mimee Instant Noodles 70g - 70g,5,yes,0,"Mimee, Noodles, 70g",https://www.bemsfarms.com/products/indomie-instant-noodles-chicken-flavour.jpg,2027-07-24,active,no_return
Mr Chef Salt 250g,Salt & Seasoning,80,150,8400,80,12000,Bag,Piece,,piece,Mr Chef,250g,Mr Chef Salt 250g - 250g,5,yes,0,"Mr Chef, Salt & Seasoning, 250g",https://www.bemsfarms.com/products/mr-chef-salt-250g.jpg,2028-07-31,active,no_return
Mr Chef Salt 500g,Salt & Seasoning,40,250,8000,40,10000,Bag,Piece,,piece,Mr Chef,500g,Mr Chef Salt 500g - 500g,5,yes,0,"Mr Chef, Salt & Seasoning, 500g",https://www.bemsfarms.com/products/mr-chef-salt-250g.jpg,2028-07-31,active,no_return
Mr Chef Salt 1kg,Salt & Seasoning,20,450,8000,20,9000,Bag,Piece,,piece,Mr Chef,1kg,Mr Chef Salt 1kg - 1kg,5,yes,0,"Mr Chef, Salt & Seasoning, 1kg",https://www.bemsfarms.com/products/mr-chef-salt-250g.jpg,2028-07-31,active,no_return
Maggi Star 400g,Salt & Seasoning,40,1600,29500,20,32000,Carton,Piece,,piece,Maggi,400g,Maggi Star 400g - 400g,5,yes,0,"Maggi, Salt & Seasoning, 400g",https://images.unsplash.com/photo-1596040033229-a9821ebd058d?w=600&auto=format&fit=crop&q=80,2027-05-27,active,no_return
Knorr Chicken 400g,Salt & Seasoning,14,2300,28500,14,32200,Carton,Piece,,piece,Knorr,400g,Knorr Chicken 400g - 400g,5,yes,0,"Knorr, Salt & Seasoning, 400g",https://images.unsplash.com/photo-1596040033229-a9821ebd058d?w=600&auto=format&fit=crop&q=80,2028-02-02,active,no_return
Knorr Beef 400g,Salt & Seasoning,28,2200,28000,14,30800,Carton,Piece,,piece,Knorr,400g,Knorr Beef 400g - 400g,5,yes,0,"Knorr, Salt & Seasoning, 400g",https://images.unsplash.com/photo-1596040033229-a9821ebd058d?w=600&auto=format&fit=crop&q=80,2028-02-10,active,no_return
Terra Chicken 400g,Salt & Seasoning,20,1800,32500,20,36000,Carton,Piece,,piece,Terra,400g,Terra Chicken 400g - 400g,5,yes,0,"Terra, Salt & Seasoning, 400g",https://images.unsplash.com/photo-1596040033229-a9821ebd058d?w=600&auto=format&fit=crop&q=80,2027-12-22,active,no_return
Royco Beef 400g,Salt & Seasoning,20,1500,27000,20,30000,Carton,Piece,,piece,Royco,400g,Royco Beef 400g - 400g,5,yes,0,"Royco, Salt & Seasoning, 400g",https://www.bemsfarms.com/products/royco-seasoning-cubes-beef-flavor.jpg,2027-01-26,active,no_return
Terra Gold 300g,Salt & Seasoning,20,1500,27000,20,30000,Carton,Piece,,piece,Terra,300g,Terra Gold 300g - 300g,5,yes,0,"Terra, Salt & Seasoning, 300g",https://images.unsplash.com/photo-1596040033229-a9821ebd058d?w=600&auto=format&fit=crop&q=80,2027-12-17,active,no_return
Bama Real Mayonnaise 810ml,Groceries,12,4300,49000,12,51600,Carton,Piece,,piece,Bama,810ml,Bama Real Mayonnaise 810ml - 810ml,5,yes,0,"Bama, Groceries, 810ml",https://www.bemsfarms.com/products/bama-real-mayonnaise-810ml.jpg,2027-10-07,active,no_return
Bama Real Mayonnaise 385ml,Groceries,12,2500,27500,12,30000,Carton,Piece,,piece,Bama,385ml,Bama Real Mayonnaise 385ml - 385ml,5,yes,0,"Bama, Groceries, 385ml",https://www.bemsfarms.com/products/bama-real-mayonnaise-226ml.jpg,2027-07-28,active,no_return
Bama Real Mayonnaise 226ml,Groceries,12,1600,18000,12,18000,Carton,Piece,,piece,Bama,226ml,Bama Real Mayonnaise 226ml - 226ml,5,yes,0,"Bama, Groceries, 226ml",https://www.bemsfarms.com/products/bama-real-mayonnaise-226ml.jpg,2027-05-08,active,no_return
Whippy 910g,Groceries,12,2800,31000,12,31000,Carton,Piece,,piece,Whippy,910g,Whippy 910g - 910g,5,yes,0,"Whippy, Groceries, 910g",https://www.bemsfarms.com/products/whippy-real-mayonnaise.jpg,2027-06-14,active,no_return
Whippy 480g,Groceries,12,1600,17000,12,19200,Carton,Piece,,piece,Whippy,480g,Whippy 480g - 480g,5,yes,0,"Whippy, Groceries, 480g",https://www.bemsfarms.com/products/whippy-real-mayonnaise.jpg,2027-12-31,active,no_return
Whippy Small 245g,Groceries,12,1400,13500,12,16800,Carton,Piece,,piece,Whippy,245g,Whippy Small 245g - 245g,5,yes,0,"Whippy, Groceries, 245g",https://www.bemsfarms.com/products/whippy-real-mayonnaise-20g.jpg,2027-12-17,active,no_return
One Nation Tomato Paste 400g,Tomato & Pepper Paste,12,1000,10500,24,24000,Carton,Tin,,tin,One Nation,400g,One Nation Tomato Paste 400g - 400g,5,yes,0,"One Nation, Tomato & Pepper Paste, 400g",https://www.bemsfarms.com/products/one-nation-tomato-paste.jpg,2027-12-31,active,no_return
Gino Pepper & Onion,Tomato & Pepper Paste,100,200,7600,50,10000,Carton,Sachet,,sachet,Gino,55g,Gino Pepper & Onion - 55g,5,yes,0,"Gino, Tomato & Pepper Paste, 55g",https://www.bemsfarms.com/products/sonia-peppe-and-onion.jpg,2027-08-31,active,no_return
Sonia Pepper & Onion,Tomato & Pepper Paste,100,200,7200,50,10000,Carton,Sachet,,sachet,Sonia,55g,Sonia Pepper & Onion - 55g,5,yes,0,"Sonia, Tomato & Pepper Paste, 55g",https://www.bemsfarms.com/products/sonia-peppe-and-onion.jpg,2028-01-02,active,no_return
Sonia Tomato Mix,Tomato & Pepper Paste,100,200,7200,50,10000,Carton,Sachet,,sachet,Sonia,55g,Sonia Tomato Mix - 55g,5,yes,0,"Sonia, Tomato & Pepper Paste, 55g",https://www.bemsfarms.com/products/sonia-tomato-mix.jpg,2027-08-31,active,no_return
Gino Tomato Mix,Tomato & Pepper Paste,100,200,7600,50,10000,Carton,Sachet,,sachet,Gino,55g,Gino Tomato Mix - 55g,5,yes,0,"Gino, Tomato & Pepper Paste, 55g",https://www.bemsfarms.com/products/one-nation-tomato-paste.jpg,2027-08-31,active,no_return
Gino Party Jollof,Tomato & Pepper Paste,100,200,8600,50,10000,Carton,Sachet,,sachet,Gino,55g,Gino Party Jollof - 55g,5,yes,0,"Gino, Tomato & Pepper Paste, 55g",https://www.bemsfarms.com/products/one-nation-tomato-paste.jpg,2028-01-31,active,no_return
Bay Leaves 125g,Seasonings & Spices,4,2000,7200,1,0,,Piece,,piece,Euroma,125g,Bay Leaves 125g - 125g,5,yes,0,"Euroma, Seasonings & Spices, 125g",https://www.bemsfarms.com/products/euroma-bay-leaves.jpg,2028-02-23,active,no_return
Bay Leaves 5g,Seasonings & Spices,4,2000,3600,1,0,,Piece,,piece,Euroma,5g,Bay Leaves 5g - 5g,5,yes,0,"Euroma, Seasonings & Spices, 5g",https://www.bemsfarms.com/products/euroma-bay-leaves.jpg,2028-09-25,active,no_return
Dry Thyme Leaves 250g,Seasonings & Spices,2,1100,1200,1,0,,Piece,,piece,Marvico,250g,Dry Thyme Leaves 250g - 250g,5,yes,0,"Marvico, Seasonings & Spices, 250g",https://www.bemsfarms.com/products/marvico-foods-thyme-leaves-250g.jpg,2027-02-28,active,no_return
Wonda Fried Spices 100g,Seasonings & Spices,10,700,7500,1,0,,Piece,,piece,Ama Wonda,100g,Wonda Fried Spices 100g - 100g,5,yes,0,"Ama Wonda, Seasonings & Spices, 100g",https://www.bemsfarms.com/products/ama-wonda-jollof-rice-spice-100g.jpg,2027-12-31,active,no_return
Wonda Ginger 100g,Seasonings & Spices,10,850,7800,1,0,,Piece,,piece,Ama Wonda,100g,Wonda Ginger 100g - 100g,5,yes,0,"Ama Wonda, Seasonings & Spices, 100g",https://www.bemsfarms.com/products/ama-wonda-ginger-and-garlic-100g.jpg,2027-12-10,active,no_return
Wonda Jollof 100g,Seasonings & Spices,10,900,8000,1,0,,Piece,,piece,Ama Wonda,100g,Wonda Jollof 100g - 100g,5,yes,0,"Ama Wonda, Seasonings & Spices, 100g",https://www.bemsfarms.com/products/ama-wonda-jollof-rice-spice-100g.jpg,2028-04-30,active,no_return
Aace Jollof 100g,Seasonings & Spices,10,850,7500,1,0,,Piece,,piece,Ace,100g,Aace Jollof 100g - 100g,5,yes,0,"Ace, Seasonings & Spices, 100g",https://www.bemsfarms.com/products/aace-jollof-rice-seasoning-powder.jpg,2027-12-31,active,no_return
Gino Curry Powder,Seasonings & Spices,20,100,10500,20,2000,Carton,Sachet,,sachet,Gino,Sachet,Gino Curry Powder - Sachet,5,yes,0,"Gino, Seasonings & Spices, Sachet",https://www.bemsfarms.com/products/curry-masala.jpg,2027-05-19,active,no_return
Gino Red Hot Pepper Powder,Seasonings & Spices,20,100,10500,10,1000,Roll,Sachet,,sachet,Gino,Sachet,Gino Red Hot Pepper Powder - Sachet,5,yes,0,"Gino, Seasonings & Spices, Sachet",https://www.bemsfarms.com/products/gino-red-hot-pepper-powder.jpg,2027-08-31,active,no_return
Thyme,Seasonings & Spices,20,100,11500,20,2000,Carton,Sachet,,sachet,Tiger,Sachet,Thyme - Sachet,5,yes,0,"Tiger, Seasonings & Spices, Sachet",https://www.bemsfarms.com/products/tiger-thyme-leaves.jpg,2028-06-30,active,no_return
Gino Thyme,Seasonings & Spices,14,100,11000,14,1400,Carton,Sachet,,sachet,Gino,Sachet,Gino Thyme - Sachet,5,yes,0,"Gino, Seasonings & Spices, Sachet",https://www.bemsfarms.com/products/gino-natural-thyme.jpg,2028-06-30,active,no_return
Napa Seasoning 10g,Seasonings & Spices,36,100,28000,36,3600,Carton,Sachet,,sachet,Napa,10g,Napa Seasoning 10g - 10g,5,yes,0,"Napa, Seasonings & Spices, 10g",https://www.bemsfarms.com/products/napa-valley-goat-meat-flavour-10g.jpg,2028-04-09,active,no_return
Milo 20g,Beverages,20,200,33800,20,4000,Carton,Sachet,,sachet,Nestle,20g,Milo 20g - 20g,5,yes,0,"Nestle, Beverages, 20g",https://www.bemsfarms.com/products/nestle-milo-20g.jpg,2027-03-30,active,no_return
Honey Beans 1 painter,Beans & Grains,7,5000,4000,1,0,,Painter,,painter,Bems Farms,1 painter,Honey Beans 1 painter - 1 painter,5,yes,0,"Bems Farms, Beans & Grains, 1 painter",https://images.unsplash.com/photo-1551462147-ff29053bfc14?w=600&auto=format&fit=crop&q=80,2028-07-31,active,no_return
Bems Palm Oil 25L,Cooking Oil,4,40000,33000,1,0,,Can,,can,Bems Farms,25L,Bems Palm Oil 25L - 25L,5,yes,0,"Bems Farms, Cooking Oil, 25L",https://www.bemsfarms.com/products/bems-farm-premium-palm-oil.jpg,2028-07-31,active,no_return
Bems Palm Oil 10L,Cooking Oil,6,20000,12790,1,0,,Gallon,,gallon,Bems Farms,10L,Bems Palm Oil 10L - 10L,5,yes,0,"Bems Farms, Cooking Oil, 10L",https://www.bemsfarms.com/products/bems-farm-palm-oil-10-litres.jpg,2028-07-31,active,no_return
Bems Palm Oil 5L,Cooking Oil,5,11000,6395,1,0,,Gallon,,gallon,Bems Farms,5L,Bems Palm Oil 5L - 5L,5,yes,0,"Bems Farms, Cooking Oil, 5L",https://www.bemsfarms.com/products/bems-farm-palm-oil-5-litres.jpg,2028-07-31,active,no_return
Bems Palm Oil 4L,Cooking Oil,7,8000,5116,1,0,,Gallon,,gallon,Bems Farms,4L,Bems Palm Oil 4L - 4L,5,yes,0,"Bems Farms, Cooking Oil, 4L",https://www.bemsfarms.com/products/bems-farm-premium-palm-oil.jpg,2028-07-31,active,no_return
Bems Palm Oil 3L,Cooking Oil,8,6500,3837,1,0,,Gallon,,gallon,Bems Farms,3L,Bems Palm Oil 3L - 3L,5,yes,0,"Bems Farms, Cooking Oil, 3L",https://www.bemsfarms.com/products/bems-farm-palm-oil-3-litres.jpg,2028-07-31,active,no_return
Bems Palm Oil 2L,Cooking Oil,7,3500,2550,1,0,,Bottle,,bottle,Bems Farms,2L,Bems Palm Oil 2L - 2L,5,yes,0,"Bems Farms, Cooking Oil, 2L",https://www.bemsfarms.com/products/bems-farm-palm-oil-2-liters.jpg,2028-07-31,active,no_return
Bems Palm Oil 1L,Cooking Oil,9,2500,1279,1,0,,Bottle,,bottle,Bems Farms,1L,Bems Palm Oil 1L - 1L,5,yes,0,"Bems Farms, Cooking Oil, 1L",https://www.bemsfarms.com/products/bems-farm-palm-oil-1-liter.jpg,2028-07-31,active,no_return
Super Delicieux Oil 25L,Cooking Oil,4,60000,58000,1,0,,Can,,can,Super Delicieux,25L,Super Delicieux Oil 25L - 25L,5,yes,0,"Super Delicieux, Cooking Oil, 25L",https://images.unsplash.com/photo-1474979266404-7eaacbcd87c5?w=600&auto=format&fit=crop&q=80,2028-05-31,active,no_return
Golden Terra Oil 5L,Cooking Oil,8,15800,62000,4,63200,Carton,Gallon,,gallon,Golden Terra,5L,Golden Terra Oil 5L - 5L,5,yes,0,"Golden Terra, Cooking Oil, 5L",https://www.bemsfarms.com/products/golden-terra-soya-oil-5litres.jpg,2027-07-26,active,no_return
Kings Oil 5L,Cooking Oil,4,16000,59000,4,64000,Carton,Gallon,,gallon,Kings,5L,Kings Oil 5L - 5L,5,yes,0,"Kings, Cooking Oil, 5L",https://www.bemsfarms.com/products/devon-kings-pure-vegetable-oil.jpg,2027-05-14,active,no_return
Emperor Oil 5L,Cooking Oil,4,14800,57000,4,59200,Carton,Gallon,,gallon,Emperor,5L,Emperor Oil 5L - 5L,5,yes,0,"Emperor, Cooking Oil, 5L",https://www.bemsfarms.com/products/emperor-pure-vegetable-oil.jpg,2026-11-13,active,no_return
Emperor Oil 3L,Cooking Oil,6,10000,56000,6,60000,Carton,Gallon,,gallon,Emperor,3L,Emperor Oil 3L - 3L,5,yes,0,"Emperor, Cooking Oil, 3L",https://www.bemsfarms.com/products/emperor-pure-vegetable-oil.jpg,2026-11-18,active,no_return
Kings Oil 2L,Cooking Oil,12,8000,45000,6,48000,Carton,Bottle,,bottle,Kings,2L,Kings Oil 2L - 2L,5,yes,0,"Kings, Cooking Oil, 2L",https://www.bemsfarms.com/products/devon-kings-pure-vegetable-oil-2.jpg,2026-12-21,active,no_return
Kings Oil 1L,Cooking Oil,24,2500,29000,12,30000,Carton,Bottle,,bottle,Kings,1L,Kings Oil 1L - 1L,5,yes,0,"Kings, Cooking Oil, 1L",https://www.bemsfarms.com/products/devon-kings-pure-vegetable-oil.jpg,2027-03-29,active,no_return
Golden Terra Oil 1L,Cooking Oil,24,2800,45750,12,33600,Carton,Bottle,,bottle,Golden Terra,1L,Golden Terra Oil 1L - 1L,5,yes,0,"Golden Terra, Cooking Oil, 1L",https://www.bemsfarms.com/products/golden-terra-soya-oil-5litres.jpg,2027-07-05,active,no_return
Kings Oil 500ml,Cooking Oil,24,2200,24500,12,26400,Carton,Bottle,,bottle,Kings,500ml,Kings Oil 500ml - 500ml,5,yes,0,"Kings, Cooking Oil, 500ml",https://www.bemsfarms.com/products/devon-kings-pure-vegetable-oil-alt.jpg,2027-01-21,active,no_return
Emperor Oil 500ml,Cooking Oil,24,2000,23000,12,24000,Carton,Bottle,,bottle,Emperor,500ml,Emperor Oil 500ml - 500ml,5,yes,0,"Emperor, Cooking Oil, 500ml",https://www.bemsfarms.com/products/emperor-pure-vegetable-oil.jpg,2027-01-21,active,no_return
Power Oil 110ml,Cooking Oil,112,400,17000,56,22400,Carton,Sachet,,sachet,Power Oil,110ml,Power Oil 110ml - 110ml,5,yes,0,"Power Oil, Cooking Oil, 110ml",https://www.bemsfarms.com/products/power-oil-110ml.jpg,2027-12-31,active,no_return
Power Oil 45ml,Cooking Oil,224,200,16700,112,22400,Carton,Sachet,,sachet,Power Oil,45ml,Power Oil 45ml - 45ml,5,yes,0,"Power Oil, Cooking Oil, 45ml",https://www.bemsfarms.com/products/power-oil-40ml.jpg,2027-12-31,active,no_return
Activa Pure Vegetable Oil 40ml,Cooking Oil,24,200,14500,12,2400,Carton,Sachet,,sachet,Activa,40ml,Activa Pure Vegetable Oil 40ml - 40ml,5,yes,0,"Activa, Cooking Oil, 40ml",https://www.bemsfarms.com/products/activa-pure-vegetable-oil-40ml.jpg,2027-12-31,active,no_return
Ayoola Poundo Yam 1.8kg,Flour & Swallows,3,6500,18000,3,19500,Bag,Pack,,pack,Ayoola,1.8kg,Ayoola Poundo Yam 1.8kg - 1.8kg,5,yes,0,"Ayoola, Flour & Swallows, 1.8kg",https://www.bemsfarms.com/products/ayoola-poundo-yam-flour-1-8kg.jpg,2027-09-23,active,no_return
Ayoola Poundo Yam 0.9kg,Flour & Swallows,4,4500,18000,4,18000,Bag,Pack,,pack,Ayoola,0.9kg,Ayoola Poundo Yam 0.9kg - 0.9kg,5,yes,0,"Ayoola, Flour & Swallows, 0.9kg",https://www.bemsfarms.com/products/ayoola-poundo-yam-flour-0-9kg.jpg,2027-11-19,active,no_return
Honeywell Wheat 1kg,Flour & Swallows,10,1500,13500,10,15000,Bag,Pack,,pack,Honeywell,1kg,Honeywell Wheat 1kg - 1kg,5,yes,0,"Honeywell, Flour & Swallows, 1kg",https://www.bemsfarms.com/products/honeywell-whole-wheat-meal-1kg.jpg,2027-02-14,active,no_return
Honeywell Wheat 2kg,Flour & Swallows,5,3000,13500,5,15000,Bag,Pack,,pack,Honeywell,2kg,Honeywell Wheat 2kg - 2kg,5,yes,0,"Honeywell, Flour & Swallows, 2kg",https://www.bemsfarms.com/products/honeywell-whole-wheat-meal-2kg.jpg,2026-11-28,active,no_return
Golden Semovita 1kg,Flour & Swallows,10,1800,16500,10,18000,Bag,Pack,,pack,Golden Penny,1kg,Golden Semovita 1kg - 1kg,5,yes,0,"Golden Penny, Flour & Swallows, 1kg",https://www.bemsfarms.com/products/golden-penny-semovita-1kg.jpg,2026-12-28,active,no_return
Golden Semovita 2kg,Flour & Swallows,5,3600,16500,5,18000,Bag,Pack,,pack,Golden Penny,2kg,Golden Semovita 2kg - 2kg,5,yes,0,"Golden Penny, Flour & Swallows, 2kg",https://www.bemsfarms.com/products/golden-penny-semovita-1kg.jpg,2026-12-28,active,no_return
Checkers Custard Powder 2kg (Vanilla),Custard & Breakfast,3,5500,14000,3,16500,Carton,Jar,,jar,Checkers,2kg,Checkers Custard Powder 2kg (Vanilla) - 2kg,5,yes,0,"Checkers, Custard & Breakfast, 2kg",https://www.bemsfarms.com/products/checkers-custard-powder-vanilla-flavour.jpg,2027-12-31,active,no_return
Checkers Custard 1.5kg,Custard & Breakfast,2,6800,19000,3,20400,Carton,Jar,,jar,Checkers,1.5kg,Checkers Custard 1.5kg - 1.5kg,5,yes,0,"Checkers, Custard & Breakfast, 1.5kg",https://www.bemsfarms.com/products/checkers-custard-vanilla-flavour.jpg,2028-02-28,active,no_return
Checkers Custard Powder 45g,Custard & Breakfast,104,200,13000,8,1600,Row,Sachet,,sachet,Checkers,45g,Checkers Custard Powder 45g - 45g,5,yes,0,"Checkers, Custard & Breakfast, 45g",https://www.bemsfarms.com/products/checkers-custard-vanilla-flavour.jpg,2029-03-31,active,no_return
Checkers Milk Custard 45g,Custard & Breakfast,80,250,17200,10,2500,Row,Sachet,,sachet,Checkers,45g,Checkers Milk Custard 45g - 45g,5,yes,0,"Checkers, Custard & Breakfast, 45g",https://www.bemsfarms.com/products/checkers-custard-milk-custard-45g.jpg,2029-07-31,active,no_return
Cebon Tomato Paste 2200g,Tomato & Pepper Paste,1,4800,4500,1,0,,Tin,,tin,Cebon,2200g,Cebon Tomato Paste 2200g - 2200g,5,yes,0,"Cebon, Tomato & Pepper Paste, 2200g",https://www.bemsfarms.com/products/one-nation-tomato-paste.jpg,2029-04-30,active,no_return
One Nation Tomato Paste 2200g,Tomato & Pepper Paste,1,4800,4500,1,0,,Tin,,tin,One Nation,2200g,One Nation Tomato Paste 2200g - 2200g,5,yes,0,"One Nation, Tomato & Pepper Paste, 2200g",https://www.bemsfarms.com/products/one-nation-tomato-paste.jpg,2027-12-30,active,no_return
Super Gold Tomato Paste 2200g,Tomato & Pepper Paste,1,4800,4500,1,0,,Tin,,tin,Super Gold,2200g,Super Gold Tomato Paste 2200g - 2200g,5,yes,0,"Super Gold, Tomato & Pepper Paste, 2200g",https://www.bemsfarms.com/products/super-gold-tomato-paste.jpg,2028-02-03,active,no_return
Clappa Tomato Paste 2200g,Tomato & Pepper Paste,1,4800,4500,1,0,,Tin,,tin,Clappa,2200g,Clappa Tomato Paste 2200g - 2200g,5,yes,0,"Clappa, Tomato & Pepper Paste, 2200g",https://www.bemsfarms.com/products/one-nation-tomato-paste.jpg,2028-01-05,active,no_return
De Rima Tomato Paste 2200g,Tomato & Pepper Paste,1,4800,4500,1,0,,Tin,,tin,De Rima,2200g,De Rima Tomato Paste 2200g - 2200g,5,yes,0,"De Rima, Tomato & Pepper Paste, 2200g",https://www.bemsfarms.com/products/de-rima-tomato-paste.jpg,2027-02-07,active,no_return
Soupy Tomato Paste 2200g,Tomato & Pepper Paste,1,4800,4500,1,0,,Tin,,tin,Soupy,2200g,Soupy Tomato Paste 2200g - 2200g,5,yes,0,"Soupy, Tomato & Pepper Paste, 2200g",https://www.bemsfarms.com/products/soupy-tomato-paste.jpg,2029-03-29,active,no_return
Soupy Tomato Paste 400g,Tomato & Pepper Paste,12,1100,11750,24,26400,Carton,Tin,,tin,Soupy,400g,Soupy Tomato Paste 400g - 400g,5,yes,0,"Soupy, Tomato & Pepper Paste, 400g",https://www.bemsfarms.com/products/soupy-tomato-paste.jpg,2029-01-28,active,no_return
De Rima Tomato Paste 400g,Tomato & Pepper Paste,12,1100,11750,24,26400,Carton,Tin,,tin,De Rima,400g,De Rima Tomato Paste 400g - 400g,5,yes,0,"De Rima, Tomato & Pepper Paste, 400g",https://www.bemsfarms.com/products/de-rima-tomato-paste.jpg,2027-02-06,active,no_return
Super Gold Tomato Paste 210g,Tomato & Pepper Paste,24,600,13500,48,28800,Carton,Tin,,tin,Super Gold,210g,Super Gold Tomato Paste 210g - 210g,5,yes,0,"Super Gold, Tomato & Pepper Paste, 210g",https://www.bemsfarms.com/products/super-gold-tomato-paste.jpg,2028-01-05,active,no_return
De Rima Tomato Paste 210g,Tomato & Pepper Paste,24,600,13500,48,28800,Carton,Tin,,tin,De Rima,210g,De Rima Tomato Paste 210g - 210g,5,yes,0,"De Rima, Tomato & Pepper Paste, 210g",https://www.bemsfarms.com/products/de-rima-tomato-paste.jpg,2027-02-04,active,no_return
Sonia Tomato 1kg,Tomato & Pepper Paste,6,2600,14500,12,31200,Carton,Tin,,tin,Sonia,1kg,Sonia Tomato 1kg - 1kg,5,yes,0,"Sonia, Tomato & Pepper Paste, 1kg",https://www.bemsfarms.com/products/sonia-tomato-mix.jpg,2027-11-29,active,no_return
Sonia Tomato Small,Tomato & Pepper Paste,12,600,6500,24,14400,Carton,Tin,,tin,Sonia,Small,Sonia Tomato Small - Small,5,yes,0,"Sonia, Tomato & Pepper Paste, Small",https://www.bemsfarms.com/products/sonia-tomato-mix.jpg,2028-01-09,active,no_return
Sonia Tomato Medium,Tomato & Pepper Paste,12,1100,11000,24,26400,Carton,Tin,,tin,Sonia,Medium,Sonia Tomato Medium - Medium,5,yes,0,"Sonia, Tomato & Pepper Paste, Medium",https://www.bemsfarms.com/products/sonia-tomato-mix.jpg,2027-10-19,active,no_return
Sonia Pepper & Onion Small,Tomato & Pepper Paste,12,600,6500,24,14400,Carton,Tin,,tin,Sonia,Small,Sonia Pepper & Onion Small - Small,5,yes,0,"Sonia, Tomato & Pepper Paste, Small",https://www.bemsfarms.com/products/sonia-peppe-and-onion.jpg,2028-11-02,active,no_return
Viva Plus 1.7kg,Cleaning & Laundry,4,4200,15700,4,16800,Carton,Pack,,pack,Viva Plus,1.7kg,Viva Plus 1.7kg - 1.7kg,5,yes,0,"Viva Plus, Cleaning & Laundry, 1.7kg",https://images.unsplash.com/photo-1583947215259-38e31be8751f?w=600&auto=format&fit=crop&q=80,2028-03-31,active,no_return
So Klin 1.7kg,Cleaning & Laundry,2,4600,8750,4,18400,Carton,Pack,,pack,So Klin,1.7kg,So Klin 1.7kg - 1.7kg,5,yes,0,"So Klin, Cleaning & Laundry, 1.7kg",https://images.unsplash.com/photo-1583947215259-38e31be8751f?w=600&auto=format&fit=crop&q=80,2028-03-31,active,no_return
Good Mama 1.7kg,Cleaning & Laundry,4,2500,8750,4,10000,Carton,Pack,,pack,Good Mama,1.7kg,Good Mama 1.7kg - 1.7kg,5,yes,0,"Good Mama, Cleaning & Laundry, 1.7kg",https://images.unsplash.com/photo-1583947215259-38e31be8751f?w=600&auto=format&fit=crop&q=80,2028-07-31,active,no_return
Good Mama 800g,Cleaning & Laundry,7,1800,8000,14,25200,Carton,Pack,,pack,Good Mama,800g,Good Mama 800g - 800g,5,yes,0,"Good Mama, Cleaning & Laundry, 800g",https://images.unsplash.com/photo-1583947215259-38e31be8751f?w=600&auto=format&fit=crop&q=80,2028-05-31,active,no_return
Viva Plus 800g,Cleaning & Laundry,7,2100,13800,14,29400,Carton,Pack,,pack,Viva Plus,800g,Viva Plus 800g - 800g,5,yes,0,"Viva Plus, Cleaning & Laundry, 800g",https://images.unsplash.com/photo-1583947215259-38e31be8751f?w=600&auto=format&fit=crop&q=80,2028-07-31,active,no_return
So Klin 800g,Cleaning & Laundry,3,3000,8250,6,18000,Carton,Pack,,pack,So Klin,800g,So Klin 800g - 800g,5,yes,0,"So Klin, Cleaning & Laundry, 800g",https://images.unsplash.com/photo-1583947215259-38e31be8751f?w=600&auto=format&fit=crop&q=80,2027-11-30,active,no_return
So Klin 170g,Cleaning & Laundry,13,700,4200,26,18200,Carton,Sachet,,sachet,So Klin,170g,So Klin 170g - 170g,5,yes,0,"So Klin, Cleaning & Laundry, 170g",https://images.unsplash.com/photo-1583947215259-38e31be8751f?w=600&auto=format&fit=crop&q=80,2028-08-31,active,no_return
Good Mama 170g,Cleaning & Laundry,13,450,5500,26,11700,Carton,Sachet,,sachet,Good Mama,170g,Good Mama 170g - 170g,5,yes,0,"Good Mama, Cleaning & Laundry, 170g",https://images.unsplash.com/photo-1583947215259-38e31be8751f?w=600&auto=format&fit=crop&q=80,2028-06-30,active,no_return
Viva Plus 170g,Cleaning & Laundry,12,500,4900,24,12000,Carton,Sachet,,sachet,Viva Plus,170g,Viva Plus 170g - 170g,5,yes,0,"Viva Plus, Cleaning & Laundry, 170g",https://images.unsplash.com/photo-1583947215259-38e31be8751f?w=600&auto=format&fit=crop&q=80,2028-04-30,active,no_return
Good Mama 85g,Cleaning & Laundry,13,400,5250,26,10400,Carton,Sachet,,sachet,Good Mama,85g,Good Mama 85g - 85g,5,yes,0,"Good Mama, Cleaning & Laundry, 85g",https://images.unsplash.com/photo-1583947215259-38e31be8751f?w=600&auto=format&fit=crop&q=80,2028-04-30,active,no_return
Viva Plus 80g,Cleaning & Laundry,6,250,15000,12,3000,Carton,Sachet,,sachet,Viva Plus,80g,Viva Plus 80g - 80g,5,yes,0,"Viva Plus, Cleaning & Laundry, 80g",https://images.unsplash.com/photo-1583947215259-38e31be8751f?w=600&auto=format&fit=crop&q=80,2026-04-30,active,no_return
Viva Plus 250g,Cleaning & Laundry,24,700,8000,24,16800,Carton,Pack,,pack,Viva Plus,250g,Viva Plus 250g - 250g,5,yes,0,"Viva Plus, Cleaning & Laundry, 250g",https://images.unsplash.com/photo-1583947215259-38e31be8751f?w=600&auto=format&fit=crop&q=80,2028-04-30,active,no_return
Hypo Bleach 75ml,Cleaning & Laundry,101,100,8000,101,10100,Carton,Sachet,,sachet,Hypo,75ml,Hypo Bleach 75ml - 75ml,5,yes,0,"Hypo, Cleaning & Laundry, 75ml",https://images.unsplash.com/photo-1584813470613-5b1c1cad3d69?w=600&auto=format&fit=crop&q=80,2028-06-30,active,no_return
Hypo Bleach 1 Liter,Cleaning & Laundry,12,2900,32400,24,69600,Carton,Bottle,,bottle,Hypo,1L,Hypo Bleach 1 Liter - 1L,5,yes,0,"Hypo, Cleaning & Laundry, 1L",https://images.unsplash.com/photo-1584813470613-5b1c1cad3d69?w=600&auto=format&fit=crop&q=80,2028-03-16,active,no_return
Hypo Bleach 500ml,Cleaning & Laundry,12,2600,29500,24,62400,Carton,Bottle,,bottle,Hypo,500ml,Hypo Bleach 500ml - 500ml,5,yes,0,"Hypo, Cleaning & Laundry, 500ml",https://images.unsplash.com/photo-1584813470613-5b1c1cad3d69?w=600&auto=format&fit=crop&q=80,2028-08-22,active,no_return
