name,category,quantity,unit_price,cost_price,unit,brand,model_variant,description,low_stock_alert,available_for_sale,tax,tags,main_image_url,expiry_date,status,return_policy
Crown Premium Spaghetti 500g (Carton of 20),Pasta,2,0,,carton,,500g,Crown Premium Spaghetti 500g - 20 pcs/carton,5,no,,"Crown Premium Spaghetti, Pasta, 500g, carton",https://www.bemsfarms.com/products/crown-premium-spaghetti-500g.jpg,,draft,
Crown Premium Spaghetti 500g (Piece),Pasta,0,0,,piece,,500g,Crown Premium Spaghetti 500g - piece,5,no,,"Crown Premium Spaghetti, Pasta, 500g, piece",https://www.bemsfarms.com/products/crown-premium-spaghetti-500g.jpg,,draft,
Honey Beans 1 painter (Piece),Beans & Grains,7,0,,piece,,1 painter,Honey Beans 1 painter,5,no,,"Honey Beans, Beans & Grains, 1 painter, piece",,2028-07-31,draft,
Milo 20g (Carton of 20),Beverages,1,0,33800,carton,Milo,20g,Milo 20g - 20 pcs/carton,5,no,,"Milo, Beverages, 20g, carton",https://www.bemsfarms.com/products/nestle-milo-20g.jpg,2027-03-30,draft,
Milo 20g (Piece),Beverages,0,0,,piece,Milo,20g,Milo 20g - piece,5,no,,"Milo, Beverages, 20g, piece",https://www.bemsfarms.com/products/nestle-milo-20g.jpg,2027-03-30,draft,
Activa Oil 40ml (Carton),Cooking Oil,2,0,14500,carton,Actius,40ml,Actius Oil 40ml - carton,5,no,,"Activa Oil, Cooking Oil, 40ml, carton",https://www.bemsfarms.com/products/activa-pure-vegetable-oil-40ml.jpg,2027-12-31,draft,
Activa Oil 40ml (Piece),Cooking Oil,0,0,,piece,Actius,40ml,Actius Oil 40ml - piece,5,no,,"Activa Oil, Cooking Oil, 40ml, piece",https://www.bemsfarms.com/products/activa-pure-vegetable-oil-40ml.jpg,2027-12-31,draft,
Bems Palm Oil 10L (Piece),Cooking Oil,6,0,,piece,Bems,10L,Bems Palm Oil 10L,5,no,,"Bems Palm Oil, Cooking Oil, 10L, piece",https://www.bemsfarms.com/products/bems-farm-palm-oil-10-litres.jpg,2028-07-31,draft,
Bems Palm Oil 1L (Piece),Cooking Oil,9,0,,piece,Bems,1L,Bems Palm Oil 1L,5,no,,"Bems Palm Oil, Cooking Oil, 1L, piece",https://www.bemsfarms.com/products/bems-farm-palm-oil-1-liter.jpg,2028-07-31,draft,
Bems Palm Oil 25L (Piece),Cooking Oil,4,0,,piece,Bems,25L,Bems Palm Oil 25L,5,no,,"Bems Palm Oil, Cooking Oil, 25L, piece",https://www.bemsfarms.com/products/bems-farm-palm-oil-5-litres.jpg,,draft,
Bems Palm Oil 2L (Piece),Cooking Oil,7,0,,piece,Bems,2L,Bems Palm Oil 2L,5,no,,"Bems Palm Oil, Cooking Oil, 2L, piece",https://www.bemsfarms.com/products/bems-farm-palm-oil-2-liters.jpg,2028-07-31,draft,
Bems Palm Oil 3L (Piece),Cooking Oil,8,0,,piece,Bems,3L,Bems Palm Oil 3L,5,no,,"Bems Palm Oil, Cooking Oil, 3L, piece",https://www.bemsfarms.com/products/bems-farm-palm-oil-3-litres.jpg,2028-07-31,draft,
Bems Palm Oil 4L (Piece),Cooking Oil,7,0,,piece,Bems,4L,Bems Palm Oil 4L,5,no,,"Bems Palm Oil, Cooking Oil, 4L, piece",https://www.bemsfarms.com/products/bems-farm-premium-palm-oil.jpg,2028-07-31,draft,
Bems Palm Oil 5L (Piece),Cooking Oil,5,0,,piece,Bems,5L,Bems Palm Oil 5L,5,no,,"Bems Palm Oil, Cooking Oil, 5L, piece",https://www.bemsfarms.com/products/bems-farm-palm-oil-5-litres.jpg,2028-07-31,draft,
Emperor Oil 3L (Carton of 6),Cooking Oil,1,0,56000,carton,Emperor,3L,Emperor Oil 3L - 6 pcs/carton,5,no,,"Emperor Oil, Cooking Oil, 3L, carton",https://www.bemsfarms.com/products/emperor-pure-vegetable-oil.jpg,2026-11-18,draft,
Emperor Oil 3L (Piece),Cooking Oil,0,0,,piece,Emperor,3L,Emperor Oil 3L - piece,5,no,,"Emperor Oil, Cooking Oil, 3L, piece",https://www.bemsfarms.com/products/emperor-pure-vegetable-oil.jpg,2026-11-18,draft,
Emperor Oil 500ml (Carton of 24),Cooking Oil,2,0,25000,carton,Emperor,500ml,Emperor Oil 500ml - 24 pcs/carton,5,no,,"Emperor Oil, Cooking Oil, 500ml, carton",https://www.bemsfarms.com/products/emperor-pure-vegetable-oil.jpg,2027-01-21,draft,
Emperor Oil 500ml (Piece),Cooking Oil,0,0,,piece,Emperor,500ml,Emperor Oil 500ml - piece,5,no,,"Emperor Oil, Cooking Oil, 500ml, piece",https://www.bemsfarms.com/products/emperor-pure-vegetable-oil.jpg,2027-01-21,draft,
Emperor Oil 5L (Carton of 4),Cooking Oil,1,0,57000,carton,Emperor,5L,Emperor Oil 5L - 4 pcs/carton,5,no,,"Emperor Oil, Cooking Oil, 5L, carton",https://www.bemsfarms.com/products/emperor-pure-vegetable-oil.jpg,2026-11-13,draft,
Emperor Oil 5L (Piece),Cooking Oil,0,0,,piece,Emperor,5L,Emperor Oil 5L - piece,5,no,,"Emperor Oil, Cooking Oil, 5L, piece",https://www.bemsfarms.com/products/emperor-pure-vegetable-oil.jpg,2026-11-13,draft,
Golden Terra Oil 1L (Carton of 24),Cooking Oil,2,0,45750,carton,Golden Terra,1L,Golden Terra Oil 1L - 24 pcs/carton,5,no,,"Golden Terra Oil, Cooking Oil, 1L, carton",https://www.bemsfarms.com/products/golden-terra-soya-oil-5litres.jpg,2027-07-05,draft,
Golden Terra Oil 1L (Piece),Cooking Oil,0,0,,piece,Golden Terra,1L,Golden Terra Oil 1L - piece,5,no,,"Golden Terra Oil, Cooking Oil, 1L, piece",https://www.bemsfarms.com/products/golden-terra-soya-oil-5litres.jpg,2027-07-05,draft,
Golden Terra Oil 5L (Carton of 4),Cooking Oil,1,0,63000,carton,Golden Terra,5L,Golden Terra Oil 5L - 4 pcs/carton,5,no,,"Golden Terra Oil, Cooking Oil, 5L, carton",https://www.bemsfarms.com/products/golden-terra-soya-oil-5litres.jpg,2027-07-26,draft,
Golden Terra Oil 5L (Carton of 4) #2,Cooking Oil,1,0,62000,carton,Golden Terra,5L,Golden Terra Oil 5L - 4 pcs/carton,5,no,,"Golden Terra Oil, Cooking Oil, 5L, carton",https://www.bemsfarms.com/products/golden-terra-soya-oil-5litres.jpg,2027-07-26,draft,
Golden Terra Oil 5L (Piece),Cooking Oil,0,0,,piece,Golden Terra,5L,Golden Terra Oil 5L - piece,5,no,,"Golden Terra Oil, Cooking Oil, 5L, piece",https://www.bemsfarms.com/products/golden-terra-soya-oil-5litres.jpg,2027-07-26,draft,
Golden Terra Oil 5L (Piece) #2,Cooking Oil,0,0,,piece,Golden Terra,5L,Golden Terra Oil 5L - piece,5,no,,"Golden Terra Oil, Cooking Oil, 5L, piece",https://www.bemsfarms.com/products/golden-terra-soya-oil-5litres.jpg,2027-07-26,draft,
Kings Oil 1L (Carton of 24),Cooking Oil,2,0,29000,carton,Kings,1L,Kings Oil 1L - 24 pcs/carton,5,no,,"Kings Oil, Cooking Oil, 1L, carton",https://www.bemsfarms.com/products/devon-kings-pure-vegetable-oil.jpg,2027-03-29,draft,
Kings Oil 1L (Piece),Cooking Oil,0,0,,piece,Kings,1L,Kings Oil 1L - piece,5,no,,"Kings Oil, Cooking Oil, 1L, piece",https://www.bemsfarms.com/products/devon-kings-pure-vegetable-oil.jpg,2027-03-29,draft,
Kings Oil 2L (Carton of 12),Cooking Oil,2,0,45000,carton,Kings,2L,Kings Oil 2L - 12 pcs/carton,5,no,,"Kings Oil, Cooking Oil, 2L, carton",https://www.bemsfarms.com/products/devon-kings-pure-vegetable-oil.jpg,2026-12-21,draft,
Kings Oil 2L (Piece),Cooking Oil,0,0,,piece,Kings,2L,Kings Oil 2L - piece,5,no,,"Kings Oil, Cooking Oil, 2L, piece",https://www.bemsfarms.com/products/devon-kings-pure-vegetable-oil.jpg,2026-12-21,draft,
Kings Oil 500ml (Carton of 24),Cooking Oil,2,0,24500,carton,Kings,500ml,Kings Oil 500ml - 24 pcs/carton,5,no,,"Kings Oil, Cooking Oil, 500ml, carton",https://www.bemsfarms.com/products/devon-kings-pure-vegetable-oil.jpg,2027-01-21,draft,
Kings Oil 500ml (Piece),Cooking Oil,0,0,,piece,Kings,500ml,Kings Oil 500ml - piece,5,no,,"Kings Oil, Cooking Oil, 500ml, piece",https://www.bemsfarms.com/products/devon-kings-pure-vegetable-oil.jpg,2027-01-21,draft,
Kings Oil 5L (Carton of 4),Cooking Oil,1,0,57000,carton,Kings,5L,Kings Oil 5L - 4 pcs/carton,5,no,,"Kings Oil, Cooking Oil, 5L, carton",https://www.bemsfarms.com/products/devon-kings-pure-vegetable-oil.jpg,2027-05-14,draft,
Kings Oil 5L (Piece),Cooking Oil,0,0,,piece,Kings,5L,Kings Oil 5L - piece,5,no,,"Kings Oil, Cooking Oil, 5L, piece",https://www.bemsfarms.com/products/devon-kings-pure-vegetable-oil.jpg,2027-05-14,draft,
Power Oil 110ml (Carton of 56),Cooking Oil,2,0,17000,carton,Power Oil,110ml,Power Oil 110ml - 56 pcs/carton,5,no,,"Power Oil, Cooking Oil, 110ml, carton",https://www.bemsfarms.com/products/power-oil-110ml.jpg,,draft,
Power Oil 110ml (Piece),Cooking Oil,0,0,,piece,Power Oil,110ml,Power Oil 110ml - piece,5,no,,"Power Oil, Cooking Oil, 110ml, piece",https://www.bemsfarms.com/products/power-oil-110ml.jpg,,draft,
Power Oil 45ml (Carton of 112),Cooking Oil,2,0,16700,carton,Power Oil,45ml,Power Oil 45ml - 112 pcs/carton,5,no,,"Power Oil, Cooking Oil, 45ml, carton",https://www.bemsfarms.com/products/power-oil-40ml.jpg,,draft,
Power Oil 45ml (Piece),Cooking Oil,0,0,,piece,Power Oil,45ml,Power Oil 45ml - piece,5,no,,"Power Oil, Cooking Oil, 45ml, piece",https://www.bemsfarms.com/products/power-oil-40ml.jpg,,draft,
Super Delicious Oil 25L (Piece),Cooking Oil,4,0,58000,piece,Super Delicious,25L,Super Delicious Oil 25L,5,no,,"Super Delicious Oil, Cooking Oil, 25L, piece",,2028-05-31,draft,
Checkers Custard 1.5kg (Carton of 3),Custard & Breakfast,1,0,17200,carton,Checkers,1.5kg,Checkers Custard 1.5kg - 3 pcs/carton,5,no,,"Checkers Custard, Custard & Breakfast, 1.5kg, carton",https://www.bemsfarms.com/products/checkers-custard-vanilla-flavour.jpg,2028-02-29,draft,
Checkers Custard 1.5kg (Piece),Custard & Breakfast,0,0,,piece,Checkers,1.5kg,Checkers Custard 1.5kg - piece,5,no,,"Checkers Custard, Custard & Breakfast, 1.5kg, piece",https://www.bemsfarms.com/products/checkers-custard-vanilla-flavour.jpg,2028-02-29,draft,
Checkers Custard Powder 2kg Banana Flavour (Carton of 3),Custard & Breakfast,1,0,19000,carton,Checkers,2kg Banana Flavour,Checkers Custard Powder 2kg Banana Flavour - 3 pcs/carton,5,no,,"Checkers Custard Powder, Custard & Breakfast, 2kg Banana Flavour, carton",https://www.bemsfarms.com/products/checkers-custard-vanilla-flavour.jpg,2026-08-31,draft,
Checkers Custard Powder 2kg Banana Flavour (Piece),Custard & Breakfast,0,0,,piece,Checkers,2kg Banana Flavour,Checkers Custard Powder 2kg Banana Flavour - piece,5,no,,"Checkers Custard Powder, Custard & Breakfast, 2kg Banana Flavour, piece",https://www.bemsfarms.com/products/checkers-custard-vanilla-flavour.jpg,2026-08-31,draft,
Checkers Custard Powder 2kg Vanilla Flavour (Carton of 3),Custard & Breakfast,1,0,14000,carton,Checkers,2kg Vanilla Flavour,Checkers Custard Powder 2kg Vanilla Flavour - 3 pcs/carton,5,no,,"Checkers Custard Powder, Custard & Breakfast, 2kg Vanilla Flavour, carton",https://www.bemsfarms.com/products/checkers-custard-powder-vanilla-flavour.jpg,,draft,
Checkers Custard Powder 2kg Vanilla Flavour (Piece),Custard & Breakfast,0,0,,piece,Checkers,2kg Vanilla Flavour,Checkers Custard Powder 2kg Vanilla Flavour - piece,5,no,,"Checkers Custard Powder, Custard & Breakfast, 2kg Vanilla Flavour, piece",https://www.bemsfarms.com/products/checkers-custard-powder-vanilla-flavour.jpg,,draft,
Checkers Custard Powder 45g (Piece),Custard & Breakfast,0,0,,piece,Checkers,45g,Checkers Custard Powder 45g - piece,5,no,,"Checkers Custard Powder, Custard & Breakfast, 45g, piece",https://www.bemsfarms.com/products/checkers-custard-vanilla-flavour.jpg,2029-03-31,draft,
Checkers Custard Powder 45g,Custard & Breakfast,13,0,7700,row,Checkers,45g,Checkers Custard Powder 45g - row (8 pieces per row),5,no,,"Checkers Custard Powder, Custard & Breakfast, 45g, row",https://www.bemsfarms.com/products/checkers-custard-vanilla-flavour.jpg,2029-03-31,draft,
Checkers Milk Custard 45g (Piece),Custard & Breakfast,0,0,,piece,Checkers,45g,Checkers Milk Custard 45g - piece,5,no,,"Checkers Milk Custard, Custard & Breakfast, 45g, piece",https://www.bemsfarms.com/products/checkers-custard-milk-custard-45g.jpg,2029-07-31,draft,
Checkers Milk Custard 45g,Custard & Breakfast,8,0,13000,row,Checkers,45g,Checkers Milk Custard 45g - row (10 pieces per row),5,no,,"Checkers Milk Custard, Custard & Breakfast, 45g, row",https://www.bemsfarms.com/products/checkers-custard-milk-custard-45g.jpg,2029-07-31,draft,
Ayoola Poundo Yam 0.9kg (Bag of 4),Flour & Swallows,1,0,18000,bag,Ajoola,0.9kg,Ajoola Poundo Yam 0.9kg - 4 pcs/bag,5,no,,"Ayoola Poundo Yam, Flour & Swallows, 0.9kg, bag",https://www.bemsfarms.com/products/ayoola-poundo-yam-flour-0-9kg.jpg,2027-11-17,draft,
Ayoola Poundo Yam 0.9kg (Piece),Flour & Swallows,0,0,,piece,Ajoola,0.9kg,Ajoola Poundo Yam 0.9kg - piece,5,no,,"Ayoola Poundo Yam, Flour & Swallows, 0.9kg, piece",https://www.bemsfarms.com/products/ayoola-poundo-yam-flour-0-9kg.jpg,2027-11-17,draft,
Ayoola Poundo Yam 1.8kg (Bag of 3),Flour & Swallows,1,0,18000,bag,Ajoola,1.8kg,Ajoola Poundo Yam 1.8kg - 3 pcs/bag,5,no,,"Ayoola Poundo Yam, Flour & Swallows, 1.8kg, bag",https://www.bemsfarms.com/products/ayoola-poundo-yam-flour-1-8kg.jpg,2027-09-23,draft,
Ayoola Poundo Yam 1.8kg (Piece),Flour & Swallows,0,0,,piece,Ajoola,1.8kg,Ajoola Poundo Yam 1.8kg - piece,5,no,,"Ayoola Poundo Yam, Flour & Swallows, 1.8kg, piece",https://www.bemsfarms.com/products/ayoola-poundo-yam-flour-1-8kg.jpg,2027-09-23,draft,
Golden Semovita 1kg (Bag of 10),Flour & Swallows,1,0,16500,bag,Golden,1kg,Golden Semovita 1kg - 10 pcs/bag,5,no,,"Golden Semovita, Flour & Swallows, 1kg, bag",https://www.bemsfarms.com/products/golden-penny-semovita-1kg.jpg,2026-12-28,draft,
Golden Semovita 1kg (Piece),Flour & Swallows,0,0,,piece,Golden,1kg,Golden Semovita 1kg - piece,5,no,,"Golden Semovita, Flour & Swallows, 1kg, piece",https://www.bemsfarms.com/products/golden-penny-semovita-1kg.jpg,2026-12-28,draft,
Golden Semovita 2kg (Bag of 5),Flour & Swallows,1,0,16500,bag,Golden,2kg,Golden Semovita 2kg - 5 pcs/bag,5,no,,"Golden Semovita, Flour & Swallows, 2kg, bag",https://www.bemsfarms.com/products/golden-penny-semovita-1kg.jpg,2026-12-28,draft,
Golden Semovita 2kg (Piece),Flour & Swallows,0,0,,piece,Golden,2kg,Golden Semovita 2kg - piece,5,no,,"Golden Semovita, Flour & Swallows, 2kg, piece",https://www.bemsfarms.com/products/golden-penny-semovita-1kg.jpg,2026-12-28,draft,
Honeywell Wheat 1kg (Bag of 10),Flour & Swallows,1,0,13500,bag,Honeywell,1kg,Honeywell Wheat 1kg - 10 pcs/bag,5,no,,"Honeywell Wheat, Flour & Swallows, 1kg, bag",https://www.bemsfarms.com/products/honeywell-whole-wheat-meal-1kg.jpg,2027-02-14,draft,
Honeywell Wheat 1kg (Piece),Flour & Swallows,0,0,,piece,Honeywell,1kg,Honeywell Wheat 1kg - piece,5,no,,"Honeywell Wheat, Flour & Swallows, 1kg, piece",https://www.bemsfarms.com/products/honeywell-whole-wheat-meal-1kg.jpg,2027-02-14,draft,
Honeywell Wheat 2kg (Bag of 5),Flour & Swallows,1,0,13500,bag,Honeywell,2kg,Honeywell Wheat 2kg - 5 pcs/bag,5,no,,"Honeywell Wheat, Flour & Swallows, 2kg, bag",https://www.bemsfarms.com/products/honeywell-whole-wheat-meal-2kg.jpg,2026-11-28,draft,
Honeywell Wheat 2kg (Piece),Flour & Swallows,0,0,,piece,Honeywell,2kg,Honeywell Wheat 2kg - piece,5,no,,"Honeywell Wheat, Flour & Swallows, 2kg, piece",https://www.bemsfarms.com/products/honeywell-whole-wheat-meal-2kg.jpg,2026-11-28,draft,
Hypo 1L (Carton of 12),Household Cleaning,0.5,0,32400,carton,Hypo,1L,Hypo 1L - 12 pcs/carton,5,no,,"Hypo, Household Cleaning, 1L, carton",,2028-03-16,draft,
Hypo 1L (Piece),Household Cleaning,0,0,,piece,Hypo,1L,Hypo 1L - piece,5,no,,"Hypo, Household Cleaning, 1L, piece",,2028-03-16,draft,
Hypo 500ml (Carton of 12),Household Cleaning,0.5,0,29500,carton,Hypo,500ml,Hypo 500ml - 12 pcs/carton,5,no,,"Hypo, Household Cleaning, 500ml, carton",,2028-08-22,draft,
Hypo 500ml (Piece),Household Cleaning,0,0,,piece,Hypo,500ml,Hypo 500ml - piece,5,no,,"Hypo, Household Cleaning, 500ml, piece",,2028-08-22,draft,
Hypo 75ml (Carton of 101),Household Cleaning,1,0,8000,carton,Hypo,75ml,Hypo 75ml - 101 pcs/carton,5,no,,"Hypo, Household Cleaning, 75ml, carton",,2028-06-30,draft,
Hypo 75ml (Piece),Household Cleaning,0,0,,piece,Hypo,75ml,Hypo 75ml - piece,5,no,,"Hypo, Household Cleaning, 75ml, piece",,2028-06-30,draft,
Good Mama 1.7kg (Carton of 4),Laundry Detergent,1,0,8500,carton,Good Mama,1.7kg,Good Mama 1.7kg - 4 pcs/carton,5,no,,"Good Mama, Laundry Detergent, 1.7kg, carton",,2028-07-31,draft,
Good Mama 1.7kg (Piece),Laundry Detergent,0,0,,piece,Good Mama,1.7kg,Good Mama 1.7kg - piece,5,no,,"Good Mama, Laundry Detergent, 1.7kg, piece",,2028-07-31,draft,
Good Mama 170g (Carton of 13),Laundry Detergent,0.5,0,4500,carton,Good Mama,170g,Good Mama 170g - 13 pcs/carton,5,no,,"Good Mama, Laundry Detergent, 170g, carton",,2028-06-30,draft,
Good Mama 170g (Piece),Laundry Detergent,0,0,,piece,Good Mama,170g,Good Mama 170g - piece,5,no,,"Good Mama, Laundry Detergent, 170g, piece",,2028-06-30,draft,
Good Mama 800g (Carton of 7),Laundry Detergent,0.5,0,8000,carton,Good Mama,800g,Good Mama 800g - 7 pcs/carton,5,no,,"Good Mama, Laundry Detergent, 800g, carton",,2028-07-31,draft,
Good Mama 800g (Piece),Laundry Detergent,0,0,,piece,Good Mama,800g,Good Mama 800g - piece,5,no,,"Good Mama, Laundry Detergent, 800g, piece",,2028-07-31,draft,
Good Mama 85g (Carton of 13),Laundry Detergent,0.5,0,5250,carton,Good Mama,85g,Good Mama 85g - 13 pcs/carton,5,no,,"Good Mama, Laundry Detergent, 85g, carton",,2028-04-30,draft,
Good Mama 85g (Piece),Laundry Detergent,0,0,,piece,Good Mama,85g,Good Mama 85g - piece,5,no,,"Good Mama, Laundry Detergent, 85g, piece",,2028-04-30,draft,
Viva Plus 1.7kg (Carton of 4),Laundry Detergent,1,0,15700,carton,Lilla Plus,1.7kg,Lilla Plus 1.7kg - 4 pcs/carton,5,no,,"Viva Plus, Laundry Detergent, 1.7kg, carton",,2028-03-31,draft,
Viva Plus 1.7kg (Piece),Laundry Detergent,0,0,,piece,Lilla Plus,1.7kg,Lilla Plus 1.7kg - piece,5,no,,"Viva Plus, Laundry Detergent, 1.7kg, piece",,2028-03-31,draft,
Viva Plus 170g (Carton of 12),Laundry Detergent,0.5,0,4900,carton,Lilla Plus,170g,Lilla Plus 170g - 12 pcs/carton,5,no,,"Viva Plus, Laundry Detergent, 170g, carton",,2028-04-30,draft,
Viva Plus 170g (Piece),Laundry Detergent,0,0,,piece,Lilla Plus,170g,Lilla Plus 170g - piece,5,no,,"Viva Plus, Laundry Detergent, 170g, piece",,2028-04-30,draft,
Viva Plus 250g (Carton of 24),Laundry Detergent,1,0,15000,carton,Lilla Plus,250g,Lilla Plus 250g - 24 pcs/carton,5,no,,"Viva Plus, Laundry Detergent, 250g, carton",,2028-04-30,draft,
Viva Plus 250g (Piece),Laundry Detergent,0,0,,piece,Lilla Plus,250g,Lilla Plus 250g - piece,5,no,,"Viva Plus, Laundry Detergent, 250g, piece",,2028-04-30,draft,
Viva Plus 800g (Carton of 7),Laundry Detergent,0.5,0,13800,carton,Lilla Plus,800g,Lilla Plus 800g - 7 pcs/carton,5,no,,"Viva Plus, Laundry Detergent, 800g, carton",,2028-07-31,draft,
Viva Plus 800g (Piece),Laundry Detergent,0,0,,piece,Lilla Plus,800g,Lilla Plus 800g - piece,5,no,,"Viva Plus, Laundry Detergent, 800g, piece",,2028-07-31,draft,
Viva Plus 80g (Carton of 6),Laundry Detergent,0.5,0,,carton,Lilla Plus,80g,Lilla Plus 80g - 6 pcs/carton,5,no,,"Viva Plus, Laundry Detergent, 80g, carton",,2026-04-30,draft,
Viva Plus 80g (Piece),Laundry Detergent,0,0,,piece,Lilla Plus,80g,Lilla Plus 80g - piece,5,no,,"Viva Plus, Laundry Detergent, 80g, piece",,2026-04-30,draft,
So Klin 1.7kg (Carton of 2),Laundry Detergent,0.5,0,8750,carton,So Klin,1.7kg,So Klin 1.7kg - 2 pcs/carton,5,no,,"So Klin, Laundry Detergent, 1.7kg, carton",,2028-03-31,draft,
So Klin 1.7kg (Piece),Laundry Detergent,0,0,,piece,So Klin,1.7kg,So Klin 1.7kg - piece,5,no,,"So Klin, Laundry Detergent, 1.7kg, piece",,2028-03-31,draft,
So Klin 170g (Carton of 13),Laundry Detergent,0.5,0,,carton,So Klin,170g,So Klin 170g - 13 pcs/carton,5,no,,"So Klin, Laundry Detergent, 170g, carton",,2028-08-31,draft,
So Klin 170g (Piece),Laundry Detergent,0,0,,piece,So Klin,170g,So Klin 170g - piece,5,no,,"So Klin, Laundry Detergent, 170g, piece",,2028-08-31,draft,
So Klin 800g (Carton of 3),Laundry Detergent,0.5,0,8250,carton,So Klin,800g,So Klin 800g - 3 pcs/carton,5,no,,"So Klin, Laundry Detergent, 800g, carton",,2027-11-30,draft,
So Klin 800g (Piece),Laundry Detergent,0,0,,piece,So Klin,800g,So Klin 800g - piece,5,no,,"So Klin, Laundry Detergent, 800g, piece",,2027-11-30,draft,
Bama Big 810ml (Carton of 12),Mayonnaise & Spreads,1,0,85000,carton,Bama,Big 810ml,Bama Big 810ml - 12 pcs/carton,5,no,,"Bama, Mayonnaise & Spreads, Big 810ml, carton",https://www.bemsfarms.com/products/bama-real-mayonnaise-810ml.jpg,2027-10-07,draft,
Bama Big 810ml (Piece),Mayonnaise & Spreads,0,0,,piece,Bama,Big 810ml,Bama Big 810ml - piece,5,no,,"Bama, Mayonnaise & Spreads, Big 810ml, piece",https://www.bemsfarms.com/products/bama-real-mayonnaise-810ml.jpg,2027-10-07,draft,
Bama Medium 385ml (Carton of 12),Mayonnaise & Spreads,1,0,49000,carton,Bama,Medium 385ml,Bama Medium 385ml - 12 pcs/carton,5,no,,"Bama, Mayonnaise & Spreads, Medium 385ml, carton",https://www.bemsfarms.com/products/bama-real-mayonnaise-226ml.jpg,2027-07-28,draft,
Bama Medium 385ml (Piece),Mayonnaise & Spreads,0,0,,piece,Bama,Medium 385ml,Bama Medium 385ml - piece,5,no,,"Bama, Mayonnaise & Spreads, Medium 385ml, piece",https://www.bemsfarms.com/products/bama-real-mayonnaise-226ml.jpg,2027-07-28,draft,
Bama Small 226ml (Carton of 12),Mayonnaise & Spreads,1,0,27500,carton,Bama,Small 226ml,Bama Small 226ml - 12 pcs/carton,5,no,,"Bama, Mayonnaise & Spreads, Small 226ml, carton",https://www.bemsfarms.com/products/bama-real-mayonnaise-226ml.jpg,2027-05-08,draft,
Bama Small 226ml (Piece),Mayonnaise & Spreads,0,0,,piece,Bama,Small 226ml,Bama Small 226ml - piece,5,no,,"Bama, Mayonnaise & Spreads, Small 226ml, piece",https://www.bemsfarms.com/products/bama-real-mayonnaise-226ml.jpg,2027-05-08,draft,
Whippy 480g (Carton of 12),Mayonnaise & Spreads,1,0,17000,carton,Whippy,480g,Whippy 480g - 12 pcs/carton,5,no,,"Whippy, Mayonnaise & Spreads, 480g, carton",https://www.bemsfarms.com/products/whippy-real-mayonnaise.jpg,2027-12-31,draft,
Whippy 480g (Piece),Mayonnaise & Spreads,0,0,,piece,Whippy,480g,Whippy 480g - piece,5,no,,"Whippy, Mayonnaise & Spreads, 480g, piece",https://www.bemsfarms.com/products/whippy-real-mayonnaise.jpg,2027-12-31,draft,
Whippy 910g (Carton of 12),Mayonnaise & Spreads,1,0,31000,carton,Whippy,910g,Whippy 910g - 12 pcs/carton,5,no,,"Whippy, Mayonnaise & Spreads, 910g, carton",https://www.bemsfarms.com/products/whippy-real-mayonnaise.jpg,2027-06-14,draft,
Whippy 910g (Piece),Mayonnaise & Spreads,0,0,,piece,Whippy,910g,Whippy 910g - piece,5,no,,"Whippy, Mayonnaise & Spreads, 910g, piece",https://www.bemsfarms.com/products/whippy-real-mayonnaise.jpg,2027-06-14,draft,
Whippy Small 245g (Carton of 12),Mayonnaise & Spreads,1,0,13500,carton,Whippy,Small 245g,Whippy Small 245g - 12 pcs/carton,5,no,,"Whippy, Mayonnaise & Spreads, Small 245g, carton",https://www.bemsfarms.com/products/whippy-real-mayonnaise-20g.jpg,2027-12-17,draft,
Whippy Small 245g (Piece),Mayonnaise & Spreads,0,0,,piece,Whippy,Small 245g,Whippy Small 245g - piece,5,no,,"Whippy, Mayonnaise & Spreads, Small 245g, piece",https://www.bemsfarms.com/products/whippy-real-mayonnaise-20g.jpg,2027-12-17,draft,
Belleful 280g (Carton of 16),Noodles,3,0,13450,carton,Belleful,280g,Belleful 280g - 16 pcs/carton,5,no,,"Belleful, Noodles, 280g, carton",https://www.bemsfarms.com/products/indomie-instant-noodles-chicken-flavour.jpg,2027-07-31,draft,
Belleful 280g (Piece),Noodles,0,0,,piece,Belleful,280g,Belleful 280g - piece,5,no,,"Belleful, Noodles, 280g, piece",https://www.bemsfarms.com/products/indomie-instant-noodles-chicken-flavour.jpg,2027-07-31,draft,
HungryMan 180g (Carton of 24),Noodles,5,0,13200,carton,HungerMan,180g,HungerMan 180g - 24 pcs/carton,5,no,,"HungryMan, Noodles, 180g, carton",https://www.bemsfarms.com/products/indomie-instant-chicken-flavor-hungryman-size.jpg,2027-06-16,draft,
HungryMan 180g (Piece),Noodles,0,0,,piece,HungerMan,180g,HungerMan 180g - piece,5,no,,"HungryMan, Noodles, 180g, piece",https://www.bemsfarms.com/products/indomie-instant-chicken-flavor-hungryman-size.jpg,2027-06-16,draft,
Minimie Instant Noodles 70g (Carton of 42),Noodles,3,0,27000,carton,Mimee,70g,Mimee Instant Noodles 70g - 42 pcs/carton,5,no,,"Minimie Instant Noodles, Noodles, 70g, carton",https://www.bemsfarms.com/products/indomie-instant-noodles-chicken-flavour.jpg,2027-07-24,draft,
Minimie Instant Noodles 70g (Piece),Noodles,0,0,,piece,Mimee,70g,Mimee Instant Noodles 70g - piece,5,no,,"Minimie Instant Noodles, Noodles, 70g, piece",https://www.bemsfarms.com/products/indomie-instant-noodles-chicken-flavour.jpg,2027-07-24,draft,
Noodles Chicken 70g (Carton of 42),Noodles,10,0,7400,carton,,70g,Noodles Chicken 70g - 42 pcs/carton,5,no,,"Noodles Chicken, Noodles, 70g, carton",https://www.bemsfarms.com/products/indomie-instant-noodles-chicken-flavour.jpg,2027-03-31,draft,
Noodles Chicken 70g (Piece),Noodles,0,0,,piece,,70g,Noodles Chicken 70g - piece,5,no,,"Noodles Chicken, Noodles, 70g, piece",https://www.bemsfarms.com/products/indomie-instant-noodles-chicken-flavour.jpg,2027-03-31,draft,
Super Pack 120g (Carton of 44),Noodles,10,0,14500,carton,Super Pack,120g,Super Pack 120g - 44 pcs/carton,5,no,,"Super Pack, Noodles, 120g, carton",https://www.bemsfarms.com/products/indomie-instant-noodles-chicken-flavor-super-pack.jpg,2027-07-31,draft,
Super Pack 120g (Piece),Noodles,0,0,,piece,Super Pack,120g,Super Pack 120g - piece,5,no,,"Super Pack, Noodles, 120g, piece",https://www.bemsfarms.com/products/indomie-instant-noodles-chicken-flavor-super-pack.jpg,2027-07-31,draft,
Crown Thick Spaghetti 500g (Carton of 20),Pasta,1,0,12000,carton,Crown,500g,Crown Thick Spaghetti 500g - 20 pcs/carton,5,no,,"Crown Thick Spaghetti, Pasta, 500g, carton",https://www.bemsfarms.com/products/crown-thick-spaghetti-500g.jpg,2027-07-16,draft,
Crown Thick Spaghetti 500g (Piece),Pasta,0,0,,piece,Crown,500g,Crown Thick Spaghetti 500g - piece,5,no,,"Crown Thick Spaghetti, Pasta, 500g, piece",https://www.bemsfarms.com/products/crown-thick-spaghetti-500g.jpg,2027-07-16,draft,
Golden Penny Pasta Twist 500g (Carton of 20),Pasta,3,0,18800,carton,Golden Penny,500g,Golden Penny Pasta Twist 500g - 20 pcs/carton,5,no,,"Golden Penny Pasta Twist, Pasta, 500g, carton",https://www.bemsfarms.com/products/golden-penny-pasta-twist-500g.jpg,2027-08-31,draft,
Golden Penny Pasta Twist 500g (Piece),Pasta,0,0,,piece,Golden Penny,500g,Golden Penny Pasta Twist 500g - piece,5,no,,"Golden Penny Pasta Twist, Pasta, 500g, piece",https://www.bemsfarms.com/products/golden-penny-pasta-twist-500g.jpg,2027-08-31,draft,
Golden Penny Spaghetti 500g (Carton of 20),Pasta,5,0,18800,carton,Golden Penny,500g,Golden Penny Spaghetti 500g - 20 pcs/carton,5,no,,"Golden Penny Spaghetti, Pasta, 500g, carton",https://www.bemsfarms.com/products/golden-penny-pasta-spaghetti-500g.jpg,2027-08-06,draft,
Golden Penny Spaghetti 500g (Piece),Pasta,0,0,,piece,Golden Penny,500g,Golden Penny Spaghetti 500g - piece,5,no,,"Golden Penny Spaghetti, Pasta, 500g, piece",https://www.bemsfarms.com/products/golden-penny-pasta-spaghetti-500g.jpg,2027-08-06,draft,
Pasta Premium Spaghetti 500g (Carton of 20),Pasta,2,0,12500,carton,Pasta Premium,500g,Pasta Premium Spaghetti 500g - 20 pcs/carton,5,no,,"Pasta Premium Spaghetti, Pasta, 500g, carton",https://www.bemsfarms.com/products/irs-pasta-premium-spaghetti.jpg,2027-08-17,draft,
Pasta Premium Spaghetti 500g (Piece),Pasta,0,0,,piece,Pasta Premium,500g,Pasta Premium Spaghetti 500g - piece,5,no,,"Pasta Premium Spaghetti, Pasta, 500g, piece",https://www.bemsfarms.com/products/irs-pasta-premium-spaghetti.jpg,2027-08-17,draft,
Mr Chef Salt 1kg (Bag of 20),Salt,1,0,8000,bag,Mr Chef,1kg,Mr Chef Salt 1kg - 20 pcs/bag,5,no,,"Mr Chef Salt, Salt, 1kg, bag",https://www.bemsfarms.com/products/mr-chef-salt-250g.jpg,2028-07-31,draft,
Mr Chef Salt 1kg (Piece),Salt,0,0,,piece,Mr Chef,1kg,Mr Chef Salt 1kg - piece,5,no,,"Mr Chef Salt, Salt, 1kg, piece",https://www.bemsfarms.com/products/mr-chef-salt-250g.jpg,2028-07-31,draft,
Mr Chef Salt 250g (Bag of 80),Salt,1,0,8400,bag,Mr Chef,250g,Mr Chef Salt 250g - 80 pcs/bag,5,no,,"Mr Chef Salt, Salt, 250g, bag",https://www.bemsfarms.com/products/mr-chef-salt-250g.jpg,2028-07-31,draft,
Mr Chef Salt 250g (Piece),Salt,0,0,,piece,Mr Chef,250g,Mr Chef Salt 250g - piece,5,no,,"Mr Chef Salt, Salt, 250g, piece",https://www.bemsfarms.com/products/mr-chef-salt-250g.jpg,2028-07-31,draft,
Mr Chef Salt 500g (Bag of 40),Salt,1,0,8000,bag,Mr Chef,500g,Mr Chef Salt 500g - 40 pcs/bag,5,no,,"Mr Chef Salt, Salt, 500g, bag",https://www.bemsfarms.com/products/mr-chef-salt-250g.jpg,2028-07-31,draft,
Mr Chef Salt 500g (Piece),Salt,0,0,,piece,Mr Chef,500g,Mr Chef Salt 500g - piece,5,no,,"Mr Chef Salt, Salt, 500g, piece",https://www.bemsfarms.com/products/mr-chef-salt-250g.jpg,2028-07-31,draft,
Acee Jollof Spice 100g (Piece),Seasoning & Spices,10,0,7800,piece,Acee,100g,Acee Jollof Spice 100g,5,no,,"Acee Jollof Spice, Seasoning & Spices, 100g, piece",,2027-12-10,draft,
Bay Leaves 125g (Piece),Seasoning & Spices,4,0,7200,piece,,125g,Bay Leaves 125g,5,no,,"Bay Leaves, Seasoning & Spices, 125g, piece",https://www.bemsfarms.com/products/euroma-bay-leaves.jpg,2028-02-23,draft,
Bay Leaves 5g (Piece),Seasoning & Spices,4,0,3600,piece,,5g,Bay Leaves 5g,5,no,,"Bay Leaves, Seasoning & Spices, 5g, piece",https://www.bemsfarms.com/products/euroma-bay-leaves.jpg,,draft,
Benny Beef 400g (Carton of 14),Seasoning & Spices,2,0,28000,carton,Benny,400g,Benny Beef 400g - 14 pcs/carton,5,no,,"Benny Beef, Seasoning & Spices, 400g, carton",,2028-10-21,draft,
Benny Beef 400g (Piece),Seasoning & Spices,0,0,,piece,Benny,400g,Benny Beef 400g - piece,5,no,,"Benny Beef, Seasoning & Spices, 400g, piece",,2028-10-21,draft,
Curry Masala A (Piece),Seasoning & Spices,0,0,,piece,,,Curry Masala A  - piece,5,no,,"Curry Masala A, Seasoning & Spices, , piece",https://www.bemsfarms.com/products/curry-masala.jpg,2028-05-11,draft,
Curry Masala A,Seasoning & Spices,3,0,9500,row,,,Curry Masala A  - row (10 pieces per row),5,no,,"Curry Masala A, Seasoning & Spices, , row",https://www.bemsfarms.com/products/curry-masala.jpg,2028-05-11,draft,
Dry Thyme Leaves 250g (Piece),Seasoning & Spices,2,0,1200,piece,,250g,Dry Thyme Leaves 250g,5,no,,"Dry Thyme Leaves, Seasoning & Spices, 250g, piece",,2027-02-28,draft,
Gino Curry Powder (Carton of 20),Seasoning & Spices,1,0,10500,carton,Gino,,Gino Curry Powder  - 20 pcs/carton,5,no,,"Gino Curry Powder, Seasoning & Spices, , carton",,2027-05-19,draft,
Gino Curry Powder (Piece),Seasoning & Spices,0,0,,piece,Gino,,Gino Curry Powder  - piece,5,no,,"Gino Curry Powder, Seasoning & Spices, , piece",,2027-05-19,draft,
Gino Red Hot Pepper Powder (Piece),Seasoning & Spices,0,0,,piece,Gino,,Gino Red Hot Pepper Powder  - piece,5,no,,"Gino Red Hot Pepper Powder, Seasoning & Spices, , piece",https://www.bemsfarms.com/products/gino-red-hot-pepper-powder.jpg,2028-03-08,draft,
Gino Red Hot Pepper Powder,Seasoning & Spices,2,0,,row,Gino,,Gino Red Hot Pepper Powder  - 20 pcs/row,5,no,,"Gino Red Hot Pepper Powder, Seasoning & Spices, , row",https://www.bemsfarms.com/products/gino-red-hot-pepper-powder.jpg,2028-03-08,draft,
Gino Thyme (Carton of 14),Seasoning & Spices,1,0,11000,carton,Gino,,Gino Thyme  - 14 pcs/carton,5,no,,"Gino Thyme, Seasoning & Spices, , carton",https://www.bemsfarms.com/products/gino-natural-thyme.jpg,2028-06-30,draft,
Gino Thyme (Piece),Seasoning & Spices,0,0,,piece,Gino,,Gino Thyme  - piece,5,no,,"Gino Thyme, Seasoning & Spices, , piece",https://www.bemsfarms.com/products/gino-natural-thyme.jpg,2028-06-30,draft,
Knorr Chicken 400g (Carton of 14),Seasoning & Spices,1,0,29500,carton,Knorr,400g,Knorr Chicken 400g - 14 pcs/carton,5,no,,"Knorr Chicken, Seasoning & Spices, 400g, carton",,2027-05-27,draft,
Knorr Chicken 400g (Piece),Seasoning & Spices,0,0,,piece,Knorr,400g,Knorr Chicken 400g - piece,5,no,,"Knorr Chicken, Seasoning & Spices, 400g, piece",,2027-05-27,draft,
Maggi Star 400g (Carton of 20),Seasoning & Spices,2,0,17500,carton,Maggi,400g,Maggi Star 400g - 20 pcs/carton,5,no,,"Maggi Star, Seasoning & Spices, 400g, carton",,2027-03-16,draft,
Maggi Star 400g (Piece),Seasoning & Spices,0,0,,piece,Maggi,400g,Maggi Star 400g - piece,5,no,,"Maggi Star, Seasoning & Spices, 400g, piece",,2027-03-16,draft,
Napa Seasoning 10g (Carton of 36),Seasoning & Spices,1,0,28000,carton,Nopa,10g,Nopa Seasoning 10g - 36 pcs/carton,5,no,,"Napa Seasoning, Seasoning & Spices, 10g, carton",https://www.bemsfarms.com/products/napa-valley-goat-meat-flavour-10g.jpg,2028-04-07,draft,
Napa Seasoning 10g (Piece),Seasoning & Spices,0,0,,piece,Nopa,10g,Nopa Seasoning 10g - piece,5,no,,"Napa Seasoning, Seasoning & Spices, 10g, piece",https://www.bemsfarms.com/products/napa-valley-goat-meat-flavour-10g.jpg,2028-04-07,draft,
Royco Beef 400g (Carton of 20),Seasoning & Spices,1,0,32500,carton,Roggo,400g,Roggo Beef 400g - 20 pcs/carton,5,no,,"Royco Beef, Seasoning & Spices, 400g, carton",https://www.bemsfarms.com/products/royco-seasoning-cubes-beef-flavor.jpg,2027-12-22,draft,
Royco Beef 400g (Piece),Seasoning & Spices,0,0,,piece,Roggo,400g,Roggo Beef 400g - piece,5,no,,"Royco Beef, Seasoning & Spices, 400g, piece",https://www.bemsfarms.com/products/royco-seasoning-cubes-beef-flavor.jpg,2027-12-22,draft,
Terra Chicken 400g (Carton of 20),Seasoning & Spices,1,0,28500,carton,Terra,400g,Terra Chicken 400g - 20 pcs/carton,5,no,,"Terra Chicken, Seasoning & Spices, 400g, carton",,2028-01-21,draft,
Terra Chicken 400g (Piece),Seasoning & Spices,0,0,,piece,Terra,400g,Terra Chicken 400g - piece,5,no,,"Terra Chicken, Seasoning & Spices, 400g, piece",,2028-01-21,draft,
Terra Gold 300g (Carton of 20),Seasoning & Spices,1,0,27000,carton,Terra,300g,Terra Gold 300g - 20 pcs/carton,5,no,,"Terra Gold, Seasoning & Spices, 300g, carton",,2027-01-26,draft,
Terra Gold 300g (Piece),Seasoning & Spices,0,0,,piece,Terra,300g,Terra Gold 300g - piece,5,no,,"Terra Gold, Seasoning & Spices, 300g, piece",,2027-01-26,draft,
Thyme (Carton of 20),Seasoning & Spices,1,0,11500,carton,,,Thyme  - 20 pcs/carton,5,no,,"Thyme, Seasoning & Spices, , carton",,2028-06-30,draft,
Thyme (Piece),Seasoning & Spices,0,0,,piece,,,Thyme  - piece,5,no,,"Thyme, Seasoning & Spices, , piece",,2028-06-30,draft,
Wonda Fried Spices 100g (Piece),Seasoning & Spices,10,0,7500,piece,Wonda,100g,Wonda Fried Spices 100g,5,no,,"Wonda Fried Spices, Seasoning & Spices, 100g, piece",,,draft,
Wonda Ginger 100g (Piece),Seasoning & Spices,10,0,8000,piece,Wonda,100g,Wonda Ginger 100g,5,no,,"Wonda Ginger, Seasoning & Spices, 100g, piece",,,draft,
Wonda Jollof 100g (Piece),Seasoning & Spices,10,0,8000,piece,Wonda,100g,Wonda Jollof 100g,5,no,,"Wonda Jollof, Seasoning & Spices, 100g, piece",,2028-03-07,draft,
Cebum Tomato Paste 2200g (Tin),Tomato Paste & Sauces,1,0,4500,tin,Cebum,2200g,Cebum Tomato Paste 2200g,5,no,,"Cebum Tomato Paste, Tomato Paste & Sauces, 2200g, tin",,2029-04-30,draft,
Clappa Tomato Paste 2200g (Tin),Tomato Paste & Sauces,1,0,4500,tin,Clappa,2200g,Clappa Tomato Paste 2200g,5,no,,"Clappa Tomato Paste, Tomato Paste & Sauces, 2200g, tin",,2028-02-03,draft,
De Rima Tomato Paste 210g (Carton of 24),Tomato Paste & Sauces,0.5,0,,carton,De Rima,210g,De Rima Tomato Paste 210g - 24 pcs/carton,5,no,,"De Rima Tomato Paste, Tomato Paste & Sauces, 210g, carton",https://www.bemsfarms.com/products/de-rima-tomato-paste.jpg,2027-02-04,draft,
De Rima Tomato Paste 210g (Tin),Tomato Paste & Sauces,0,0,,tin,De Rima,210g,De Rima Tomato Paste 210g - tin,5,no,,"De Rima Tomato Paste, Tomato Paste & Sauces, 210g, tin",https://www.bemsfarms.com/products/de-rima-tomato-paste.jpg,2027-02-04,draft,
De Rima Tomato Paste 2200g (Tin),Tomato Paste & Sauces,1,0,4500,tin,De Rima,2200g,De Rima Tomato Paste 2200g,5,no,,"De Rima Tomato Paste, Tomato Paste & Sauces, 2200g, tin",https://www.bemsfarms.com/products/de-rima-tomato-paste.jpg,2028-01-05,draft,
De Rima Tomato Paste 400g (Carton of 12),Tomato Paste & Sauces,0.5,0,4750,carton,De Rima,400g,De Rima Tomato Paste 400g - 12 pcs/carton,5,no,,"De Rima Tomato Paste, Tomato Paste & Sauces, 400g, carton",https://www.bemsfarms.com/products/de-rima-tomato-paste.jpg,2027-02-06,draft,
De Rima Tomato Paste 400g (Tin),Tomato Paste & Sauces,0,0,,tin,De Rima,400g,De Rima Tomato Paste 400g - tin,5,no,,"De Rima Tomato Paste, Tomato Paste & Sauces, 400g, tin",https://www.bemsfarms.com/products/de-rima-tomato-paste.jpg,2027-02-06,draft,
Gino Party Jollof (Carton of 50),Tomato Paste & Sauces,2,0,8600,carton,Gino,,Gino Party Jollof  - 50 pcs/carton,5,no,,"Gino Party Jollof, Tomato Paste & Sauces, , carton",,2028-01-31,draft,
Gino Party Jollof (Piece),Tomato Paste & Sauces,0,0,,piece,Gino,,Gino Party Jollof  - piece,5,no,,"Gino Party Jollof, Tomato Paste & Sauces, , piece",,2028-01-31,draft,
Gino Peppers & Onion (Carton of 50),Tomato Paste & Sauces,2,0,7600,carton,Gino,,Gino Peppers & Onion  - 50 pcs/carton,5,no,,"Gino Peppers & Onion, Tomato Paste & Sauces, , carton",,2027-08-31,draft,
Gino Peppers & Onion (Piece),Tomato Paste & Sauces,0,0,,piece,Gino,,Gino Peppers & Onion  - piece,5,no,,"Gino Peppers & Onion, Tomato Paste & Sauces, , piece",,2027-08-31,draft,
Gino Tomato White (Carton of 50),Tomato Paste & Sauces,2,0,7600,carton,Gino,,Gino Tomato White  - 50 pcs/carton,5,no,,"Gino Tomato White, Tomato Paste & Sauces, , carton",,2027-08-31,draft,
Gino Tomato White (Piece),Tomato Paste & Sauces,0,0,,piece,Gino,,Gino Tomato White  - piece,5,no,,"Gino Tomato White, Tomato Paste & Sauces, , piece",,2027-08-31,draft,
One Nation Tomato Paste 2200g (Tin),Tomato Paste & Sauces,1,0,4500,tin,One Nation,2200g,One Nation Tomato Paste 2200g,5,no,,"One Nation Tomato Paste, Tomato Paste & Sauces, 2200g, tin",https://www.bemsfarms.com/products/one-nation-tomato-paste.jpg,2029-04-30,draft,
One Nation Tomato Paste 400g (Carton of 12),Tomato Paste & Sauces,0.5,0,10500,carton,One Nation,400g,One Nation Tomato Paste 400g - 12 pcs/carton,5,no,,"One Nation Tomato Paste, Tomato Paste & Sauces, 400g, carton",https://www.bemsfarms.com/products/one-nation-tomato-paste.jpg,,draft,
One Nation Tomato Paste 400g (Tin),Tomato Paste & Sauces,0,0,,tin,One Nation,400g,One Nation Tomato Paste 400g - tin,5,no,,"One Nation Tomato Paste, Tomato Paste & Sauces, 400g, tin",https://www.bemsfarms.com/products/one-nation-tomato-paste.jpg,,draft,
Sonia Peppers & Onion (Carton of 50),Tomato Paste & Sauces,2,0,7000,carton,Sonja,,Sonja Peppers & Onion  - 50 pcs/carton,5,no,,"Sonia Peppers & Onion, Tomato Paste & Sauces, , carton",https://www.bemsfarms.com/products/sonia-peppe-and-onion.jpg,2028-11-21,draft,
Sonia Peppers & Onion (Piece),Tomato Paste & Sauces,0,0,,piece,Sonja,,Sonja Peppers & Onion  - piece,5,no,,"Sonia Peppers & Onion, Tomato Paste & Sauces, , piece",https://www.bemsfarms.com/products/sonia-peppe-and-onion.jpg,2028-11-21,draft,
Sonia Peppers & Onion Small (Carton of 12),Tomato Paste & Sauces,0.5,0,11000,carton,Sonja,Small,Sonja Peppers & Onion Small - 12 pcs/carton,5,no,,"Sonia Peppers & Onion, Tomato Paste & Sauces, Small, carton",https://www.bemsfarms.com/products/sonia-peppe-and-onion.jpg,2028-11-02,draft,
Sonia Peppers & Onion Small (Piece),Tomato Paste & Sauces,0,0,,piece,Sonja,Small,Sonja Peppers & Onion Small - piece,5,no,,"Sonia Peppers & Onion, Tomato Paste & Sauces, Small, piece",https://www.bemsfarms.com/products/sonia-peppe-and-onion.jpg,2028-11-02,draft,
Sonia Tomato 1kg (Carton of 6),Tomato Paste & Sauces,0.5,0,13500,carton,Sonja,1kg,Sonja Tomato 1kg - 6 pcs/carton,5,no,,"Sonia Tomato, Tomato Paste & Sauces, 1kg, carton",,2027-11-29,draft,
Sonia Tomato 1kg (Piece),Tomato Paste & Sauces,0,0,,piece,Sonja,1kg,Sonja Tomato 1kg - piece,5,no,,"Sonia Tomato, Tomato Paste & Sauces, 1kg, piece",,2027-11-29,draft,
Sonia Tomato Medium (Carton of 12),Tomato Paste & Sauces,0.5,0,6500,carton,Sonja,Medium,Sonja Tomato Medium - 12 pcs/carton,5,no,,"Sonia Tomato, Tomato Paste & Sauces, Medium, carton",,2027-10-17,draft,
Sonia Tomato Medium (Piece),Tomato Paste & Sauces,0,0,,piece,Sonja,Medium,Sonja Tomato Medium - piece,5,no,,"Sonia Tomato, Tomato Paste & Sauces, Medium, piece",,2027-10-17,draft,
Sonia Tomato Small (Carton of 12),Tomato Paste & Sauces,0.5,0,14500,carton,Sonja,Small,Sonja Tomato Small - 12 pcs/carton,5,no,,"Sonia Tomato, Tomato Paste & Sauces, Small, carton",,2028-11-09,draft,
Sonia Tomato Small (Piece),Tomato Paste & Sauces,0,0,,piece,Sonja,Small,Sonja Tomato Small - piece,5,no,,"Sonia Tomato, Tomato Paste & Sauces, Small, piece",,2028-11-09,draft,
Sonia Tomato Mix (Carton of 50),Tomato Paste & Sauces,2,0,7200,carton,Sonja,,Sonja Tomato Mix  - 50 pcs/carton,5,no,,"Sonia Tomato Mix, Tomato Paste & Sauces, , carton",https://www.bemsfarms.com/products/sonia-tomato-mix.jpg,2027-08-31,draft,
Sonia Tomato Mix (Piece),Tomato Paste & Sauces,0,0,,piece,Sonja,,Sonja Tomato Mix  - piece,5,no,,"Sonia Tomato Mix, Tomato Paste & Sauces, , piece",https://www.bemsfarms.com/products/sonia-tomato-mix.jpg,2027-08-31,draft,
Soupy Tomato Paste 2200g (Tin),Tomato Paste & Sauces,1,0,4500,tin,Soupy,2200g,Soupy Tomato Paste 2200g,5,no,,"Soupy Tomato Paste, Tomato Paste & Sauces, 2200g, tin",https://www.bemsfarms.com/products/soupy-tomato-paste.jpg,2027-02-07,draft,
Soupy Tomato Paste 400g (Carton of 12),Tomato Paste & Sauces,0.5,0,,carton,Soupy,400g,Soupy Tomato Paste 400g - 12 pcs/carton,5,no,,"Soupy Tomato Paste, Tomato Paste & Sauces, 400g, carton",https://www.bemsfarms.com/products/soupy-tomato-paste.jpg,2029-11-28,draft,
Soupy Tomato Paste 400g (Tin),Tomato Paste & Sauces,0,0,,tin,Soupy,400g,Soupy Tomato Paste 400g - tin,5,no,,"Soupy Tomato Paste, Tomato Paste & Sauces, 400g, tin",https://www.bemsfarms.com/products/soupy-tomato-paste.jpg,2029-11-28,draft,
Super Gold Tomato Paste 210g (Carton of 24),Tomato Paste & Sauces,0.5,0,,carton,Super Gold,210g,Super Gold Tomato Paste 210g - 24 pcs/carton,5,no,,"Super Gold Tomato Paste, Tomato Paste & Sauces, 210g, carton",https://www.bemsfarms.com/products/super-gold-tomato-paste.jpg,2028-01-05,draft,
Super Gold Tomato Paste 210g (Tin),Tomato Paste & Sauces,0,0,,tin,Super Gold,210g,Super Gold Tomato Paste 210g - tin,5,no,,"Super Gold Tomato Paste, Tomato Paste & Sauces, 210g, tin",https://www.bemsfarms.com/products/super-gold-tomato-paste.jpg,2028-01-05,draft,
Super Gold Tomato Paste 2200g (Tin),Tomato Paste & Sauces,1,0,4500,tin,Super Gold,2200g,Super Gold Tomato Paste 2200g,5,no,,"Super Gold Tomato Paste, Tomato Paste & Sauces, 2200g, tin",https://www.bemsfarms.com/products/super-gold-tomato-paste.jpg,2027-12-31,draft,
