Product Item,Image Filename,Live Image URL (For Bulk Upload)
Ace Jollof Rice (AACE Jollof Rice Seasoning Powder),aace-jollof-rice-seasoning-powder.jpg,https://www.bemsfarms.com/products/aace-jollof-rice-seasoning-powder.jpg
Activa 40ml Oil (Pure Vegetable Oil),activa-pure-vegetable-oil-40ml.jpg,https://www.bemsfarms.com/products/activa-pure-vegetable-oil-40ml.jpg
Ama Wonda Ginger & Garlic 100g,ama-wonda-ginger-and-garlic-100g.jpg,https://www.bemsfarms.com/products/ama-wonda-ginger-and-garlic-100g.jpg
Ama Wonda Jollof Rice Spice 100g,ama-wonda-jollof-rice-spice-100g.jpg,https://www.bemsfarms.com/products/ama-wonda-jollof-rice-spice-100g.jpg
Ayoola Poundo Yam Flour 0.9kg (1Kg Pack),ayoola-poundo-yam-flour-0-9kg.jpg,https://www.bemsfarms.com/products/ayoola-poundo-yam-flour-0-9kg.jpg
Ayoola Poundo Yam Flour 1.8kg (2Kg Pack),ayoola-poundo-yam-flour-1-8kg.jpg,https://www.bemsfarms.com/products/ayoola-poundo-yam-flour-1-8kg.jpg
Bama Real Mayonnaise 226ml,bama-real-mayonnaise-226ml.jpg,https://www.bemsfarms.com/products/bama-real-mayonnaise-226ml.jpg
Bama Real Mayonnaise 810ml,bama-real-mayonnaise-810ml.jpg,https://www.bemsfarms.com/products/bama-real-mayonnaise-810ml.jpg
Bems Farm Premium Palm Oil 1 Liter,bems-farm-palm-oil-1-liter.jpg,https://www.bemsfarms.com/products/bems-farm-palm-oil-1-liter.jpg
Bems Farm Premium Palm Oil 2 Liters,bems-farm-palm-oil-2-liters.jpg,https://www.bemsfarms.com/products/bems-farm-palm-oil-2-liters.jpg
Bems Farm Premium Palm Oil 3 Litres,bems-farm-palm-oil-3-litres.jpg,https://www.bemsfarms.com/products/bems-farm-palm-oil-3-litres.jpg
Bems Farm Premium Palm Oil 5 Litres,bems-farm-palm-oil-5-litres.jpg,https://www.bemsfarms.com/products/bems-farm-palm-oil-5-litres.jpg
Bems Farm Palm Oil 10 Litres,bems-farm-palm-oil-10-litres.jpg,https://www.bemsfarms.com/products/bems-farm-palm-oil-10-litres.jpg
Bems Farm Premium Palm Oil (General),bems-farm-premium-palm-oil.jpg,https://www.bemsfarms.com/products/bems-farm-premium-palm-oil.jpg
Checkers Milk Custard 45g,checkers-custard-milk-custard-45g.jpg,https://www.bemsfarms.com/products/checkers-custard-milk-custard-45g.jpg
Checkers Custard Powder Vanilla Flavour (Tub),checkers-custard-powder-vanilla-flavour.jpg,https://www.bemsfarms.com/products/checkers-custard-powder-vanilla-flavour.jpg
Checkers Custard Vanilla Flavour (Refill/Jar),checkers-custard-vanilla-flavour.jpg,https://www.bemsfarms.com/products/checkers-custard-vanilla-flavour.jpg
Checkers Instant Custard 3-in-1,checkers-instant-custard-3in1.jpg,https://www.bemsfarms.com/products/checkers-instant-custard-3in1.jpg
Crown Premium Spaghetti 500g,crown-premium-spaghetti-500g.jpg,https://www.bemsfarms.com/products/crown-premium-spaghetti-500g.jpg
Crown Thick Spaghetti 500g,crown-thick-spaghetti-500g.jpg,https://www.bemsfarms.com/products/crown-thick-spaghetti-500g.jpg
Curry Masala,curry-masala.jpg,https://www.bemsfarms.com/products/curry-masala.jpg
De Rima / De Rica Tomato Paste,de-rima-tomato-paste.jpg,https://www.bemsfarms.com/products/de-rima-tomato-paste.jpg
De Rima / De Rica Tomato Paste (Angle 2),de-rima-tomato-paste-alt.jpg,https://www.bemsfarms.com/products/de-rima-tomato-paste-alt.jpg
Devon King's Pure Vegetable Oil (Bottle 1),devon-kings-pure-vegetable-oil.jpg,https://www.bemsfarms.com/products/devon-kings-pure-vegetable-oil.jpg
Devon King's Pure Vegetable Oil (Bottle 2),devon-kings-pure-vegetable-oil-2.jpg,https://www.bemsfarms.com/products/devon-kings-pure-vegetable-oil-2.jpg
Devon King's Pure Vegetable Oil (Bottle Alt),devon-kings-pure-vegetable-oil-alt.jpg,https://www.bemsfarms.com/products/devon-kings-pure-vegetable-oil-alt.jpg
Emperor Pure Vegetable Oil,emperor-pure-vegetable-oil.jpg,https://www.bemsfarms.com/products/emperor-pure-vegetable-oil.jpg
Euroma Bay Leaves,euroma-bay-leaves.jpg,https://www.bemsfarms.com/products/euroma-bay-leaves.jpg
Gino Natural Thyme,gino-natural-thyme.jpg,https://www.bemsfarms.com/products/gino-natural-thyme.jpg
Gino Red Hot Pepper Powder,gino-red-hot-pepper-powder.jpg,https://www.bemsfarms.com/products/gino-red-hot-pepper-powder.jpg
Golden Penny Pasta Spaghetti 500g,golden-penny-pasta-spaghetti-500g.jpg,https://www.bemsfarms.com/products/golden-penny-pasta-spaghetti-500g.jpg
Golden Penny Pasta Twist 500g,golden-penny-pasta-twist-500g.jpg,https://www.bemsfarms.com/products/golden-penny-pasta-twist-500g.jpg
Golden Penny Semovita 1kg,golden-penny-semovita-1kg.jpg,https://www.bemsfarms.com/products/golden-penny-semovita-1kg.jpg
Golden Terra Soya Oil 5 Litres,golden-terra-soya-oil-5litres.jpg,https://www.bemsfarms.com/products/golden-terra-soya-oil-5litres.jpg
Honeywell Whole Wheat Meal 1kg,honeywell-whole-wheat-meal-1kg.jpg,https://www.bemsfarms.com/products/honeywell-whole-wheat-meal-1kg.jpg
Honeywell Whole Wheat Meal 2kg,honeywell-whole-wheat-meal-2kg.jpg,https://www.bemsfarms.com/products/honeywell-whole-wheat-meal-2kg.jpg
Indomie Instant Chicken Flavor Hungryman Size,indomie-instant-chicken-flavor-hungryman-size.jpg,https://www.bemsfarms.com/products/indomie-instant-chicken-flavor-hungryman-size.jpg
Indomie Instant Noodles Chicken Flavor Super Pack,indomie-instant-noodles-chicken-flavor-super-pack.jpg,https://www.bemsfarms.com/products/indomie-instant-noodles-chicken-flavor-super-pack.jpg
Indomie Instant Noodles Chicken Flavour (Standard),indomie-instant-noodles-chicken-flavour.jpg,https://www.bemsfarms.com/products/indomie-instant-noodles-chicken-flavour.jpg
IRS Pasta Premium Spaghetti,irs-pasta-premium-spaghetti.jpg,https://www.bemsfarms.com/products/irs-pasta-premium-spaghetti.jpg
Marvico Foods Thyme Leaves 250g,marvico-foods-thyme-leaves-250g.jpg,https://www.bemsfarms.com/products/marvico-foods-thyme-leaves-250g.jpg
Mr Chef Salt 250g,mr-chef-salt-250g.jpg,https://www.bemsfarms.com/products/mr-chef-salt-250g.jpg
Napa Valley Goat Meat Flavour 10g,napa-valley-goat-meat-flavour-10g.jpg,https://www.bemsfarms.com/products/napa-valley-goat-meat-flavour-10g.jpg
Nestle Milo 20g,nestle-milo-20g.jpg,https://www.bemsfarms.com/products/nestle-milo-20g.jpg
One Nation Tomato Paste,one-nation-tomato-paste.jpg,https://www.bemsfarms.com/products/one-nation-tomato-paste.jpg
Power Oil 40ml Sachet,power-oil-40ml.jpg,https://www.bemsfarms.com/products/power-oil-40ml.jpg
Power Oil 110ml Sachet,power-oil-110ml.jpg,https://www.bemsfarms.com/products/power-oil-110ml.jpg
Royco Seasoning Cubes Beef Flavor,royco-seasoning-cubes-beef-flavor.jpg,https://www.bemsfarms.com/products/royco-seasoning-cubes-beef-flavor.jpg
Sonia Peppe & Onion,sonia-peppe-and-onion.jpg,https://www.bemsfarms.com/products/sonia-peppe-and-onion.jpg
Sonia Tomato Mix,sonia-tomato-mix.jpg,https://www.bemsfarms.com/products/sonia-tomato-mix.jpg
Soupy Tomato Paste,soupy-tomato-paste.jpg,https://www.bemsfarms.com/products/soupy-tomato-paste.jpg
Soupy Tomato Paste (Angle 2),soupy-tomato-paste-alt.jpg,https://www.bemsfarms.com/products/soupy-tomato-paste-alt.jpg
Super Gold Tomato Paste,super-gold-tomato-paste.jpg,https://www.bemsfarms.com/products/super-gold-tomato-paste.jpg
Tiger Thyme Leaves,tiger-thyme-leaves.jpg,https://www.bemsfarms.com/products/tiger-thyme-leaves.jpg
Whippy Real Mayonnaise 20g Sachet,whippy-real-mayonnaise-20g.jpg,https://www.bemsfarms.com/products/whippy-real-mayonnaise-20g.jpg
Whippy Real Mayonnaise (Jar),whippy-real-mayonnaise.jpg,https://www.bemsfarms.com/products/whippy-real-mayonnaise.jpg
